timestamp,model_name,model_path,region,start_year,end_year,train_years,test_years,model_type,cell_type,attention,dropout,weight_decay,hidden_size,num_epochs_requested,final_epoch,best_epoch,early_stopping,early_stopping_patience,teacher_forcing_ratio,batch_size,num_train_years,num_val_years,num_test_years,num_locations,num_monthly_features,num_yearly_features,device,training_duration_sec,python_version,torch_version,gpu_name,gpu_memory_gb,imputation_method,ground_truth_log_transform,ground_truth_scale,scaling_range,water_mask_applied,num_workers,cpu_cores,ram_gb,mse,rmse,mae,r2,mse_clipped,rmse_clipped,mae_clipped,r2_clipped,mse_corrected,rmse_corrected,mae_corrected,r2_corrected,bias_correction,train_losses,val_losses,training_curve_path
20250505_192304,BackwardLAIPredictor,/gpfs/scratch/bsc32/ai4land/saved_data/BackwardLAIPredictor_rnn_attention_True_LAI_2009_2014_W011_20250505_192304.pt,W011,2009,2014,2010-2011-2012-2013-2014,2009,rnn,rnn,True,0.0,0.0,16,20,20,17,True,5,0.0,16384,4,1,1,4343735,12,27,cuda,443.92,3.12.4,2.3.1.post300,NVIDIA H100,63.43,mean,False,False,"[0,7]",True,32,160,503.48,0.10749,0.32786,0.17834,0.9802,0.10749,0.32785,0.17831,0.9802,0.10171,0.31892,0.18284,0.98121,0.07603,"2.95235,0.15532,0.12120,0.10972,0.10386,0.10090,0.09903,0.09769,0.09680,0.09612,0.09559,0.09512,0.09469,0.09425,0.09397,0.09365,0.09341,0.09318,0.09300,0.09282","0.23289,0.13707,0.11953,0.11118,0.10488,0.10147,0.10003,0.09975,0.09865,0.09953,0.09976,0.09844,0.09722,0.09924,0.09633,0.09690,0.09629,0.09851,0.09649,0.09816",/gpfs/scratch/bsc32/ai4land/saved_data/training_curve_W011_20250505_192304.png
20250505_192304,BackwardLAIPredictor,/gpfs/scratch/bsc32/ai4land/saved_data/BackwardLAIPredictor_rnn_attention_True_LAI_2009_2014_W011_20250505_192304.pt,W011,2009,2014,2010-2011-2012-2013-2014,2009,rnn,rnn,True,0.0,1e-05,16,20,20,16,True,5,0.0,16384,4,1,1,4343735,12,27,cuda,447.14,3.12.4,2.3.1.post300,NVIDIA H100,63.43,mean,False,False,"[0,7]",True,32,160,503.48,0.09779,0.31271,0.17151,0.982,0.09778,0.3127,0.17147,0.982,0.09698,0.31141,0.17667,0.98211,0.02862,"2.56994,0.13572,0.11904,0.10845,0.10117,0.09654,0.09456,0.09353,0.09284,0.09220,0.09170,0.09119,0.09073,0.09031,0.08994,0.08954,0.08916,0.08883,0.08867,0.08840","0.17154,0.12698,0.11261,0.10554,0.09931,0.09734,0.09647,0.09524,0.09581,0.09451,0.09474,0.09348,0.09385,0.09405,0.09478,0.09277,0.09382,0.09365,0.09351,0.09283",/gpfs/scratch/bsc32/ai4land/saved_data/training_curve_W011_20250505_192304.png
20250505_192518,BackwardLAIPredictor,/gpfs/scratch/bsc32/ai4land/saved_data/BackwardLAIPredictor_rnn_attention_True_LAI_2009_2014_W011_20250505_192518.pt,W011,2009,2014,2010-2011-2012-2013-2014,2009,rnn,rnn,True,0.0,0.0001,16,20,20,19,True,5,0.0,16384,4,1,1,4343735,12,27,cuda,446.26,3.12.4,2.3.1.post300,NVIDIA H100,63.43,mean,False,False,"[0,7]",True,32,160,503.48,0.10334,0.32147,0.17318,0.9809,0.10334,0.32146,0.17311,0.9809,0.10112,0.318,0.18043,0.98128,0.04704,"2.96139,0.12976,0.11132,0.10450,0.10082,0.09772,0.09577,0.09459,0.09390,0.09331,0.09286,0.09258,0.09225,0.09200,0.09185,0.09173,0.09154,0.09140,0.09132,0.09126","0.15844,0.12160,0.11087,0.10297,0.10011,0.09803,0.09621,0.09540,0.09550,0.09649,0.09485,0.09412,0.09366,0.09410,0.09320,0.09370,0.09303,0.09316,0.09293,0.09399",/gpfs/scratch/bsc32/ai4land/saved_data/training_curve_W011_20250505_192518.png
20250505_192725,BackwardLAIPredictor,/gpfs/scratch/bsc32/ai4land/saved_data/BackwardLAIPredictor_rnn_attention_True_LAI_2009_2014_W011_20250505_192725.pt,W011,2009,2014,2010-2011-2012-2013-2014,2009,rnn,rnn,True,0.0,0.0,32,20,15,10,True,5,0.0,16384,4,1,1,4343735,12,27,cuda,337.61,3.12.4,2.3.1.post300,NVIDIA H100,63.43,mean,False,False,"[0,7]",True,32,160,503.48,0.09622,0.3102,0.16792,0.98233,0.09622,0.31019,0.16789,0.98233,0.09468,0.3077,0.17293,0.98258,0.0386,"1.13733,0.10451,0.09776,0.09414,0.09199,0.09070,0.08969,0.08889,0.08821,0.08733,0.08667,0.08607,0.08562,0.08508,0.08469","0.11542,0.10574,0.10156,0.09765,0.09650,0.09601,0.09730,0.09479,0.09435,0.09290,0.09354,0.09462,0.09298,0.09349,0.09447",/gpfs/scratch/bsc32/ai4land/saved_data/training_curve_W011_20250505_192725.png
20250505_192931,BackwardLAIPredictor,/gpfs/scratch/bsc32/ai4land/saved_data/BackwardLAIPredictor_rnn_attention_True_LAI_2009_2014_W011_20250505_192931.pt,W011,2009,2014,2010-2011-2012-2013-2014,2009,rnn,rnn,True,0.0,1e-05,32,20,13,8,True,5,0.0,16384,4,1,1,4343735,12,27,cuda,288.9,3.12.4,2.3.1.post300,NVIDIA H100,63.43,mean,False,False,"[0,7]",True,32,160,503.48,0.09694,0.31135,0.16951,0.98224,0.09693,0.31134,0.1695,0.98224,0.09583,0.30956,0.17459,0.98241,0.03307,"0.97443,0.10597,0.09844,0.09445,0.09183,0.09016,0.08896,0.08808,0.08727,0.08658,0.08607,0.08563,0.08519","0.12026,0.09986,0.09869,0.09505,0.09313,0.09214,0.09227,0.09102,0.09328,0.09343,0.09175,0.09206,0.09177",/gpfs/scratch/bsc32/ai4land/saved_data/training_curve_W011_20250505_192931.png
20250505_192931,BackwardLAIPredictor,/gpfs/scratch/bsc32/ai4land/saved_data/BackwardLAIPredictor_rnn_attention_True_LAI_2009_2014_W011_20250505_192931.pt,W011,2009,2014,2010-2011-2012-2013-2014,2009,rnn,rnn,True,0.0,0.0,64,20,11,6,True,5,0.0,16384,4,1,1,4343735,12,27,cuda,289.97,3.12.4,2.3.1.post300,NVIDIA H100,63.43,mean,False,False,"[0,7]",True,32,160,503.48,0.09672,0.311,0.16774,0.98222,0.09672,0.31099,0.16772,0.98222,0.09517,0.30849,0.1734,0.98247,0.03885,"0.72315,0.09894,0.09250,0.08968,0.08796,0.08671,0.08551,0.08466,0.08384,0.08308,0.08239","0.10957,0.09709,0.09711,0.09491,0.09426,0.09236,0.09458,0.09267,0.09288,0.09569,0.09415",/gpfs/scratch/bsc32/ai4land/saved_data/training_curve_W011_20250505_192931.png
20250505_192931,BackwardLAIPredictor,/gpfs/scratch/bsc32/ai4land/saved_data/BackwardLAIPredictor_rnn_attention_True_LAI_2009_2014_W011_20250505_192931.pt,W011,2009,2014,2010-2011-2012-2013-2014,2009,rnn,rnn,True,0.0,0.0001,32,20,20,18,True,5,0.0,16384,4,1,1,4343735,12,27,cuda,442.26,3.12.4,2.3.1.post300,NVIDIA H100,63.43,mean,False,False,"[0,7]",True,32,160,503.48,0.10997,0.33162,0.17875,0.97973,0.10996,0.3316,0.17867,0.97973,0.1026,0.32032,0.18356,0.98101,0.0859,"0.86460,0.10356,0.09779,0.09510,0.09380,0.09257,0.09187,0.09124,0.09072,0.09034,0.09005,0.08967,0.08940,0.08908,0.08897,0.08875,0.08837,0.08821,0.08798,0.08761","0.11346,0.10614,0.10465,0.09908,0.10043,0.09775,0.09827,0.09686,0.09585,0.09569,0.09577,0.09672,0.09617,0.09537,0.09546,0.09481,0.09625,0.09365,0.09468,0.09467",/gpfs/scratch/bsc32/ai4land/saved_data/training_curve_W011_20250505_192931.png
20250505_192931,BackwardLAIPredictor,/gpfs/scratch/bsc32/ai4land/saved_data/BackwardLAIPredictor_rnn_attention_True_LAI_2009_2014_W011_20250505_192931.pt,W011,2009,2014,2010-2011-2012-2013-2014,2009,rnn,rnn,True,0.0,1e-05,64,20,20,20,True,5,0.0,16384,4,1,1,4343735,12,27,cuda,526.96,3.12.4,2.3.1.post300,NVIDIA H100,63.43,mean,False,False,"[0,7]",True,32,160,503.48,0.09758,0.31237,0.16776,0.98209,0.09758,0.31237,0.16774,0.98209,0.09642,0.31051,0.17335,0.98227,0.03339,"0.77642,0.09986,0.09237,0.08942,0.08781,0.08654,0.08556,0.08459,0.08370,0.08310,0.08238,0.08179,0.08126,0.08083,0.08039,0.08004,0.07972,0.07943,0.07917,0.07890","0.10829,0.09605,0.09483,0.09551,0.09317,0.09439,0.09321,0.09310,0.09340,0.09447,0.09363,0.09274,0.09160,0.09294,0.09088,0.09385,0.09296,0.09303,0.09106,0.09035",/gpfs/scratch/bsc32/ai4land/saved_data/training_curve_W011_20250505_192931.png
20250505_233340,BackwardLAIPredictor,/gpfs/scratch/bsc32/ai4land/saved_data/BackwardLAIPredictor_rnn_attention_True_LAI_2009_2014_W011_20250505_233340.pt,W011,2009,2014,2010-2011-2012-2013-2014,2009,rnn,rnn,True,0.0,0.0001,64,20,11,6,True,5,0.0,16384,4,1,1,4343735,12,27,cuda,290.45,3.12.4,2.3.1.post300,NVIDIA H100,63.43,mean,False,False,"[0,7]",True,32,160,503.48,0.09516,0.30847,0.1662,0.98256,0.09515,0.30847,0.16617,0.98256,0.09374,0.30617,0.17164,0.98279,0.03708,"0.49200,0.09843,0.09272,0.08984,0.08784,0.08635,0.08517,0.08436,0.08360,0.08290,0.08238","0.11166,0.09927,0.09667,0.09382,0.09294,0.09055,0.09314,0.09442,0.09358,0.09464,0.09312",/gpfs/scratch/bsc32/ai4land/saved_data/training_curve_W011_20250505_233340.png
20250505_233340,BackwardLAIPredictor,/gpfs/scratch/bsc32/ai4land/saved_data/BackwardLAIPredictor_rnn_attention_True_LAI_2009_2014_W011_20250505_233340.pt,W011,2009,2014,2010-2011-2012-2013-2014,2009,rnn,rnn,True,0.0,0.0,128,20,13,8,True,5,0.0,16384,4,1,1,4343735,12,27,cuda,657.53,3.12.4,2.3.1.post300,NVIDIA H100,63.43,mean,False,False,"[0,7]",True,32,160,503.48,0.10116,0.31805,0.1686,0.98133,0.10116,0.31805,0.16858,0.98133,0.09869,0.31416,0.17481,0.98176,0.04937,"0.32998,0.09217,0.08812,0.08540,0.08335,0.08150,0.08022,0.07898,0.07791,0.07709,0.07630,0.07553,0.07499","0.09697,0.09552,0.09470,0.09561,0.09304,0.09233,0.09320,0.09160,0.09293,0.09234,0.09211,0.09371,0.09201",/gpfs/scratch/bsc32/ai4land/saved_data/training_curve_W011_20250505_233340.png
20250505_234157,BackwardLAIPredictor,/gpfs/scratch/bsc32/ai4land/saved_data/BackwardLAIPredictor_rnn_attention_True_LAI_2009_2014_W011_20250505_234157.pt,W011,2009,2014,2010-2011-2012-2013-2014,2009,rnn,rnn,True,0.0,1e-05,128,20,11,6,True,5,0.0,16384,4,1,1,4343735,12,27,cuda,556.13,3.12.4,2.3.1.post300,NVIDIA H100,63.43,mean,False,False,"[0,7]",True,32,160,503.48,0.09985,0.316,0.16848,0.98162,0.09985,0.316,0.16843,0.98162,0.0982,0.31337,0.17446,0.9819,0.04007,"0.37063,0.09235,0.08792,0.08533,0.08356,0.08208,0.08084,0.07989,0.07903,0.07826,0.07759","0.10205,0.09440,0.09432,0.09226,0.09475,0.09195,0.09363,0.09323,0.09240,0.09365,0.09212",/gpfs/scratch/bsc32/ai4land/saved_data/training_curve_W011_20250505_234157.png
20250505_234842,BackwardLAIPredictor,/gpfs/scratch/bsc32/ai4land/saved_data/BackwardLAIPredictor_rnn_attention_True_LAI_2009_2014_W011_20250505_234842.pt,W011,2009,2014,2010-2011-2012-2013-2014,2009,rnn,rnn,True,0.25,0.0,32,20,11,6,True,5,0.0,16384,4,1,1,4343735,12,27,cuda,251.86,3.12.4,2.3.1.post300,NVIDIA H100,63.43,mean,False,False,"[0,7]",True,32,160,503.48,0.09886,0.31442,0.18271,0.98178,0.09886,0.31442,0.18271,0.98178,0.09915,0.31488,0.18552,0.98171,0.00971,"1.48359,0.36169,0.32877,0.30174,0.27162,0.23810,0.20514,0.18114,0.16624,0.15869,0.15472","0.11584,0.10740,0.10338,0.10242,0.10199,0.09608,0.09676,0.09700,0.09887,0.09945,0.09938",/gpfs/scratch/bsc32/ai4land/saved_data/training_curve_W011_20250505_234842.png
20250505_234842,BackwardLAIPredictor,/gpfs/scratch/bsc32/ai4land/saved_data/BackwardLAIPredictor_rnn_attention_True_LAI_2009_2014_W011_20250505_234842.pt,W011,2009,2014,2010-2011-2012-2013-2014,2009,rnn,rnn,True,0.25,0.0,16,20,19,14,True,5,0.0,16384,4,1,1,4343735,12,27,cuda,429.99,3.12.4,2.3.1.post300,NVIDIA H100,63.43,mean,False,False,"[0,7]",True,32,160,503.48,0.10429,0.32294,0.18439,0.98062,0.10429,0.32294,0.18439,0.98062,0.10217,0.31965,0.18568,0.98101,0.0486,"1.83305,0.58470,0.50834,0.43883,0.36934,0.30791,0.26241,0.23483,0.22193,0.21655,0.21417,0.21279,0.21205,0.21123,0.21088,0.21044,0.21013,0.20974,0.20953","0.14017,0.12204,0.11357,0.11000,0.10751,0.10341,0.10665,0.10809,0.10737,0.10396,0.10213,0.10737,0.10139,0.09981,0.10581,0.10175,0.10117,0.10680,0.10083",/gpfs/scratch/bsc32/ai4land/saved_data/training_curve_W011_20250505_234842.png
20250505_234841,BackwardLAIPredictor,/gpfs/scratch/bsc32/ai4land/saved_data/BackwardLAIPredictor_rnn_attention_True_LAI_2009_2014_W011_20250505_234841.pt,W011,2009,2014,2010-2011-2012-2013-2014,2009,rnn,rnn,True,0.25,0.0001,16,20,20,19,True,5,0.0,16384,4,1,1,4343735,12,27,cuda,452.6,3.12.4,2.3.1.post300,NVIDIA H100,63.43,mean,False,False,"[0,7]",True,32,160,503.48,0.10666,0.32659,0.19327,0.98041,0.10666,0.32659,0.19327,0.98041,0.09923,0.315,0.18599,0.98166,0.08745,"3.03999,0.60479,0.51795,0.46125,0.40093,0.34311,0.29298,0.25706,0.23733,0.22821,0.22315,0.22094,0.21951,0.21865,0.21739,0.21667,0.21588,0.21547,0.21495,0.21472","0.16384,0.12837,0.11671,0.10904,0.10778,0.10516,0.10335,0.10344,0.10562,0.10257,0.10091,0.10001,0.10379,0.09825,0.10258,0.10059,0.09877,0.09762,0.09725,0.09968",/gpfs/scratch/bsc32/ai4land/saved_data/training_curve_W011_20250505_234841.png
20250505_234842,BackwardLAIPredictor,/gpfs/scratch/bsc32/ai4land/saved_data/BackwardLAIPredictor_rnn_attention_True_LAI_2009_2014_W011_20250505_234842.pt,W011,2009,2014,2010-2011-2012-2013-2014,2009,rnn,rnn,True,0.25,1e-05,16,20,20,18,True,5,0.0,16384,4,1,1,4343735,12,27,cuda,457.01,3.12.4,2.3.1.post300,NVIDIA H100,63.43,mean,False,False,"[0,7]",True,32,160,503.48,0.1024,0.32,0.18428,0.98116,0.1024,0.32,0.18428,0.98116,0.10013,0.31643,0.18585,0.98151,0.04999,"2.72576,0.55726,0.48232,0.43417,0.37871,0.32135,0.27431,0.24196,0.22646,0.22521,0.21625,0.21475,0.21314,0.21203,0.21100,0.20998,0.20940,0.20884,0.20847,0.20812","0.15863,0.13461,0.12191,0.12436,0.11125,0.10586,0.10627,0.10540,0.10406,0.10806,0.10365,0.10284,0.10130,0.10011,0.09965,0.10391,0.09915,0.09688,0.09914,0.09771",/gpfs/scratch/bsc32/ai4land/saved_data/training_curve_W011_20250505_234842.png
20250505_234638,BackwardLAIPredictor,/gpfs/scratch/bsc32/ai4land/saved_data/BackwardLAIPredictor_rnn_attention_True_LAI_2009_2014_W011_20250505_234638.pt,W011,2009,2014,2010-2011-2012-2013-2014,2009,rnn,rnn,True,0.0,0.0001,128,20,12,7,True,5,0.0,16384,4,1,1,4343735,12,27,cuda,606.97,3.12.4,2.3.1.post300,NVIDIA H100,63.43,mean,False,False,"[0,7]",True,32,160,503.48,0.1012,0.31812,0.16828,0.98134,0.10119,0.31811,0.16823,0.98134,0.09908,0.31476,0.17497,0.98171,0.04531,"0.41523,0.09475,0.08977,0.08748,0.08574,0.08443,0.08332,0.08242,0.08169,0.08098,0.08033,0.07970","0.10383,0.09377,0.09273,0.09545,0.09227,0.09246,0.09188,0.09206,0.09294,0.09195,0.09693,0.09301",/gpfs/scratch/bsc32/ai4land/saved_data/training_curve_W011_20250505_234638.png
20250505_235503,BackwardLAIPredictor,/gpfs/scratch/bsc32/ai4land/saved_data/BackwardLAIPredictor_rnn_attention_True_LAI_2009_2014_W011_20250505_235503.pt,W011,2009,2014,2010-2011-2012-2013-2014,2009,rnn,rnn,True,0.25,1e-05,32,20,20,16,True,5,0.0,16384,4,1,1,4343735,12,27,cuda,450.45,3.12.4,2.3.1.post300,NVIDIA H100,63.43,mean,False,False,"[0,7]",True,32,160,503.48,0.10105,0.31789,0.17375,0.9814,0.10105,0.31789,0.17375,0.9814,0.0977,0.31256,0.17791,0.98198,0.05897,"1.25900,0.34378,0.30871,0.28248,0.25394,0.22410,0.19824,0.17843,0.16608,0.15931,0.15537,0.15304,0.15134,0.15044,0.14979,0.14939,0.14883,0.14862,0.14812,0.14798","0.12300,0.12039,0.10125,0.09902,0.09627,0.09795,0.09534,0.09775,0.09625,0.09377,0.09523,0.09723,0.09391,0.09781,0.09297,0.09268,0.09403,0.09607,0.09317,0.09380",/gpfs/scratch/bsc32/ai4land/saved_data/training_curve_W011_20250505_235503.png
20250505_235503,BackwardLAIPredictor,/gpfs/scratch/bsc32/ai4land/saved_data/BackwardLAIPredictor_rnn_attention_True_LAI_2009_2014_W011_20250505_235503.pt,W011,2009,2014,2010-2011-2012-2013-2014,2009,rnn,rnn,True,0.25,0.0001,32,20,20,19,True,5,0.0,16384,4,1,1,4343735,12,27,cuda,451.75,3.12.4,2.3.1.post300,NVIDIA H100,63.43,mean,False,False,"[0,7]",True,32,160,503.48,0.09902,0.31468,0.17708,0.98179,0.09902,0.31468,0.17707,0.98179,0.09695,0.31137,0.18,0.98213,0.04708,"1.41450,0.35322,0.32053,0.29570,0.26452,0.23216,0.20304,0.18157,0.16689,0.15932,0.15563,0.15353,0.15218,0.15094,0.15066,0.15054,0.14912,0.15230,0.14852,0.14829","0.12104,0.10790,0.10353,0.10416,0.10089,0.09786,0.09999,0.09708,0.09520,0.09882,0.09586,0.09466,0.09606,0.09458,0.09527,0.09612,0.09376,0.09429,0.09365,0.09402",/gpfs/scratch/bsc32/ai4land/saved_data/training_curve_W011_20250505_235503.png
20250506_000118,BackwardLAIPredictor,/gpfs/scratch/bsc32/ai4land/saved_data/BackwardLAIPredictor_rnn_attention_True_LAI_2009_2014_W011_20250506_000118.pt,W011,2009,2014,2010-2011-2012-2013-2014,2009,rnn,rnn,True,0.25,0.0001,64,20,10,5,True,5,0.0,16384,4,1,1,4343735,12,27,cuda,265.37,3.12.4,2.3.1.post300,NVIDIA H100,63.43,mean,False,False,"[0,7]",True,32,160,503.48,0.09602,0.30986,0.17276,0.98236,0.09602,0.30986,0.17276,0.98236,0.09533,0.30876,0.17606,0.98246,0.02705,"0.90334,0.23592,0.21587,0.20228,0.18887,0.17301,0.15749,0.14455,0.13469,0.12811","0.10456,0.10103,0.09570,0.09955,0.09228,0.09275,0.09534,0.09390,0.09521,0.09579",/gpfs/scratch/bsc32/ai4land/saved_data/training_curve_W011_20250506_000118.png
20250506_000118,BackwardLAIPredictor,/gpfs/scratch/bsc32/ai4land/saved_data/BackwardLAIPredictor_rnn_attention_True_LAI_2009_2014_W011_20250506_000118.pt,W011,2009,2014,2010-2011-2012-2013-2014,2009,rnn,rnn,True,0.25,1e-05,64,20,16,11,True,5,0.0,16384,4,1,1,4343735,12,27,cuda,423.99,3.12.4,2.3.1.post300,NVIDIA H100,63.43,mean,False,False,"[0,7]",True,32,160,503.48,0.10707,0.32722,0.18267,0.98029,0.10707,0.32722,0.18267,0.98029,0.10135,0.31836,0.18405,0.98128,0.0769,"0.72843,0.23410,0.21045,0.19474,0.17856,0.16237,0.14750,0.13567,0.12742,0.12244,0.11914,0.11715,0.11562,0.11455,0.11375,0.13185","0.11163,0.10396,0.09613,0.09668,0.09439,0.09618,0.09507,0.09282,0.09381,0.09383,0.09203,0.09223,0.09431,0.09361,0.09320,0.09788",/gpfs/scratch/bsc32/ai4land/saved_data/training_curve_W011_20250506_000118.png
20250506_000119,BackwardLAIPredictor,/gpfs/scratch/bsc32/ai4land/saved_data/BackwardLAIPredictor_rnn_attention_True_LAI_2009_2014_W011_20250506_000119.pt,W011,2009,2014,2010-2011-2012-2013-2014,2009,rnn,rnn,True,0.5,0.0,16,20,19,14,True,5,0.0,16384,4,1,1,4343735,12,27,cuda,429.73,3.12.4,2.3.1.post300,NVIDIA H100,63.43,mean,False,False,"[0,7]",True,32,160,503.48,0.11706,0.34214,0.23243,0.97849,0.11706,0.34214,0.23243,0.97849,0.1133,0.33659,0.21944,0.97912,0.05948,"4.20329,1.33878,1.12779,0.92055,0.73653,0.58039,0.48967,0.45006,0.43604,0.43069,0.42816,0.42663,0.42659,0.42670,0.42470,0.42461,0.42370,0.42333,0.42239","0.27605,0.19207,0.16999,0.15161,0.14172,0.13253,0.15231,0.13150,0.12284,0.13765,0.12654,0.12195,0.11981,0.11942,0.15749,0.12295,0.12645,0.12806,0.12226",/gpfs/scratch/bsc32/ai4land/saved_data/training_curve_W011_20250506_000119.png
20250506_000118,BackwardLAIPredictor,/gpfs/scratch/bsc32/ai4land/saved_data/BackwardLAIPredictor_rnn_attention_True_LAI_2009_2014_W011_20250506_000118.pt,W011,2009,2014,2010-2011-2012-2013-2014,2009,rnn,rnn,True,0.25,0.0,64,20,19,14,True,5,0.0,16384,4,1,1,4343735,12,27,cuda,507.08,3.12.4,2.3.1.post300,NVIDIA H100,63.43,mean,False,False,"[0,7]",True,32,160,503.48,0.10612,0.32575,0.17312,0.98042,0.10612,0.32575,0.17312,0.98042,0.10294,0.32084,0.18141,0.98097,0.05628,"0.63803,0.23000,0.21119,0.19442,0.17900,0.16198,0.14801,0.13656,0.12867,0.12346,0.12007,0.11789,0.11635,0.11520,0.11424,0.11352,0.11293,0.11241,0.11201","0.10768,0.10236,0.09729,0.10043,0.09420,0.09510,0.09083,0.09270,0.09062,0.09612,0.09152,0.09268,0.09121,0.09055,0.09272,0.09361,0.09271,0.09212,0.09298",/gpfs/scratch/bsc32/ai4land/saved_data/training_curve_W011_20250506_000118.png
20250506_000118,BackwardLAIPredictor,/gpfs/scratch/bsc32/ai4land/saved_data/BackwardLAIPredictor_rnn_attention_True_LAI_2009_2014_W011_20250506_000118.pt,W011,2009,2014,2010-2011-2012-2013-2014,2009,rnn,rnn,True,0.25,0.0,128,20,11,6,True,5,0.0,16384,4,1,1,4343735,12,27,cuda,559.08,3.12.4,2.3.1.post300,NVIDIA H100,63.43,mean,False,False,"[0,7]",True,32,160,503.48,0.1126,0.33556,0.18191,0.97926,0.1126,0.33555,0.18188,0.97926,0.10464,0.32348,0.18334,0.98065,0.08982,"0.38571,0.16033,0.14995,0.14139,0.13347,0.12604,0.11892,0.11288,0.10774,0.10384,0.10078","0.11540,0.09638,0.09446,0.09408,0.09490,0.09238,0.09808,0.09363,0.09737,0.09461,0.09352",/gpfs/scratch/bsc32/ai4land/saved_data/training_curve_W011_20250506_000118.png
20250506_000118,BackwardLAIPredictor,/gpfs/scratch/bsc32/ai4land/saved_data/BackwardLAIPredictor_rnn_attention_True_LAI_2009_2014_W011_20250506_000118.pt,W011,2009,2014,2010-2011-2012-2013-2014,2009,rnn,rnn,True,0.25,1e-05,128,20,16,11,True,5,0.0,16384,4,1,1,4343735,12,27,cuda,816.88,3.12.4,2.3.1.post300,NVIDIA H100,63.43,mean,False,False,"[0,7]",True,32,160,503.48,0.10884,0.32991,0.17242,0.9798,0.10884,0.32991,0.17241,0.9798,0.10664,0.32656,0.18114,0.98019,0.04496,"0.40715,0.16199,0.15088,0.14352,0.13609,0.12860,0.12160,0.11803,0.11025,0.10598,0.10253,0.09993,0.09794,0.09645,0.09523,0.09425","0.09676,0.09299,0.09230,0.09224,0.09465,0.09264,0.09339,0.09162,0.09388,0.09224,0.08968,0.09372,0.09193,0.09073,0.09266,0.09408",/gpfs/scratch/bsc32/ai4land/saved_data/training_curve_W011_20250506_000118.png
20250506_000150,BackwardLAIPredictor,/gpfs/scratch/bsc32/ai4land/saved_data/BackwardLAIPredictor_rnn_attention_True_LAI_2009_2014_W011_20250506_000150.pt,W011,2009,2014,2010-2011-2012-2013-2014,2009,rnn,rnn,True,0.25,0.0001,128,20,17,12,True,5,0.0,16384,4,1,1,4343735,12,27,cuda,864.32,3.12.4,2.3.1.post300,NVIDIA H100,63.43,mean,False,False,"[0,7]",True,32,160,503.48,0.10406,0.32259,0.17242,0.98087,0.10406,0.32259,0.17242,0.98087,0.09889,0.31446,0.17661,0.98176,0.07205,"0.53415,0.17968,0.16057,0.15267,0.14421,0.13614,0.12839,0.12165,0.11611,0.11133,0.10759,0.10466,0.10239,0.10064,0.09929,0.09819,0.09732","0.10438,0.09700,0.09229,0.09312,0.09483,0.09293,0.09084,0.09207,0.09461,0.09167,0.09354,0.09048,0.09237,0.09116,0.09166,0.09465,0.09127",/gpfs/scratch/bsc32/ai4land/saved_data/training_curve_W011_20250506_000150.png
20250506_002215,BackwardLAIPredictor,/gpfs/scratch/bsc32/ai4land/saved_data/BackwardLAIPredictor_rnn_attention_True_LAI_2009_2014_W011_20250506_002215.pt,W011,2009,2014,2010-2011-2012-2013-2014,2009,rnn,rnn,True,0.5,0.0001,32,20,11,6,True,5,0.0,16384,4,1,1,4343735,12,27,cuda,251.03,3.12.4,2.3.1.post300,NVIDIA H100,63.43,mean,False,False,"[0,7]",True,32,160,503.48,0.10364,0.32193,0.19406,0.98092,0.10364,0.32193,0.19406,0.98092,0.09958,0.31556,0.18827,0.98161,0.06464,"1.91612,0.75190,0.64462,0.53644,0.43325,0.35232,0.30156,0.27657,0.26713,0.26302,0.26170","0.13997,0.12334,0.10849,0.11427,0.11841,0.09952,0.10393,0.10280,0.10143,0.10650,0.10027",/gpfs/scratch/bsc32/ai4land/saved_data/training_curve_W011_20250506_002215.png
20250506_002214,BackwardLAIPredictor,/gpfs/scratch/bsc32/ai4land/saved_data/BackwardLAIPredictor_rnn_attention_True_LAI_2009_2014_W011_20250506_002214.pt,W011,2009,2014,2010-2011-2012-2013-2014,2009,rnn,rnn,True,0.5,0.0001,16,20,17,12,True,5,0.0,16384,4,1,1,4343735,12,27,cuda,386.11,3.12.4,2.3.1.post300,NVIDIA H100,63.43,mean,False,False,"[0,7]",True,32,160,503.48,0.10975,0.33128,0.21185,0.97969,0.10975,0.33128,0.21185,0.97969,0.10975,0.33128,0.21183,0.97969,0.00027,"3.78360,1.27982,1.07160,0.86977,0.68761,0.55257,0.47405,0.43929,0.42734,0.42426,0.42256,0.42188,0.42111,0.42043,0.41990,0.41939,0.41905","0.22640,0.16867,0.14685,0.13682,0.13028,0.12585,0.13442,0.15024,0.12433,0.12517,0.12402,0.11917,0.12002,0.12184,0.12510,0.12711,0.12199",/gpfs/scratch/bsc32/ai4land/saved_data/training_curve_W011_20250506_002214.png
20250506_002214,BackwardLAIPredictor,/gpfs/scratch/bsc32/ai4land/saved_data/BackwardLAIPredictor_rnn_attention_True_LAI_2009_2014_W011_20250506_002214.pt,W011,2009,2014,2010-2011-2012-2013-2014,2009,rnn,rnn,True,0.5,1e-05,32,20,20,18,True,5,0.0,16384,4,1,1,4343735,12,27,cuda,450.71,3.12.4,2.3.1.post300,NVIDIA H100,63.43,mean,False,False,"[0,7]",True,32,160,503.48,0.10614,0.32579,0.19666,0.98051,0.10614,0.32579,0.19666,0.98051,0.10122,0.31815,0.18998,0.98135,0.07109,"2.22464,0.77485,0.66618,0.56076,0.45676,0.37063,0.31255,0.28255,0.27046,0.26575,0.26270,0.26096,0.25971,0.25891,0.25826,0.25778,0.25732,0.25688,0.25660,0.25642","0.14600,0.12441,0.12720,0.12605,0.10500,0.10596,0.10766,0.10691,0.10508,0.10200,0.10618,0.10016,0.09994,0.10306,0.10343,0.11145,0.10330,0.09890,0.10325,0.09986",/gpfs/scratch/bsc32/ai4land/saved_data/training_curve_W011_20250506_002214.png
20250506_002214,BackwardLAIPredictor,/gpfs/scratch/bsc32/ai4land/saved_data/BackwardLAIPredictor_rnn_attention_True_LAI_2009_2014_W011_20250506_002214.pt,W011,2009,2014,2010-2011-2012-2013-2014,2009,rnn,rnn,True,0.5,0.0,32,20,20,15,True,5,0.0,16384,4,1,1,4343735,12,27,cuda,450.73,3.12.4,2.3.1.post300,NVIDIA H100,63.43,mean,False,False,"[0,7]",True,32,160,503.48,0.10508,0.32416,0.20001,0.98076,0.10508,0.32416,0.20001,0.98076,0.09848,0.31381,0.18967,0.98188,0.08151,"2.36781,0.76515,0.67576,0.57537,0.47144,0.38220,0.31982,0.28534,0.27031,0.26467,0.26205,0.26038,0.25918,0.25844,0.25782,0.25726,0.25698,0.25650,0.25622,0.25596","0.13718,0.12454,0.11904,0.11335,0.11880,0.10725,0.10791,0.10456,0.11170,0.10399,0.10061,0.10066,0.10468,0.10264,0.09913,0.10721,0.10288,0.09938,0.09979,0.10189",/gpfs/scratch/bsc32/ai4land/saved_data/training_curve_W011_20250506_002214.png
20250506_002214,BackwardLAIPredictor,/gpfs/scratch/bsc32/ai4land/saved_data/BackwardLAIPredictor_rnn_attention_True_LAI_2009_2014_W011_20250506_002214.pt,W011,2009,2014,2010-2011-2012-2013-2014,2009,rnn,rnn,True,0.5,1e-05,16,20,20,15,True,5,0.0,16384,4,1,1,4343735,12,27,cuda,450.35,3.12.4,2.3.1.post300,NVIDIA H100,63.43,mean,False,False,"[0,7]",True,32,160,503.48,0.11039,0.33225,0.21773,0.97963,0.11039,0.33225,0.21773,0.97963,0.11009,0.3318,0.2152,0.97968,0.01709,"3.27609,1.23306,1.01902,0.81395,0.64277,0.52342,0.46144,0.43683,0.43009,0.42679,0.42574,0.42345,0.42221,0.42149,0.42042,0.42044,0.41973,0.41943,0.41903,0.41909","0.22824,0.18406,0.16970,0.14603,0.13216,0.13069,0.13242,0.12967,0.12981,0.16604,0.12322,0.12852,0.12346,0.13091,0.12188,0.13075,0.13364,0.12688,0.12624,0.12392",/gpfs/scratch/bsc32/ai4land/saved_data/training_curve_W011_20250506_002214.png
20250506_002215,BackwardLAIPredictor,/gpfs/scratch/bsc32/ai4land/saved_data/BackwardLAIPredictor_rnn_attention_True_LAI_2009_2014_W011_20250506_002215.pt,W011,2009,2014,2010-2011-2012-2013-2014,2009,rnn,rnn,True,0.5,1e-05,64,20,17,12,True,5,0.0,16384,4,1,1,4343735,12,27,cuda,453.0,3.12.4,2.3.1.post300,NVIDIA H100,63.43,mean,False,False,"[0,7]",True,32,160,503.48,0.09498,0.30819,0.17413,0.98258,0.09498,0.30819,0.17413,0.98258,0.09473,0.30779,0.17621,0.98261,0.01707,"0.96988,0.43920,0.38728,0.33073,0.27659,0.23254,0.20276,0.18678,0.17964,0.17956,0.17750,0.17180,0.18681,0.17977,0.17529,0.17166,0.17069","0.11587,0.10627,0.10551,0.10685,0.09714,0.09692,0.09956,0.09683,0.09743,0.09265,0.09247,0.09211,0.09707,0.09685,0.09535,0.09454,0.09436",/gpfs/scratch/bsc32/ai4land/saved_data/training_curve_W011_20250506_002215.png
20250506_002214,BackwardLAIPredictor,/gpfs/scratch/bsc32/ai4land/saved_data/BackwardLAIPredictor_rnn_attention_True_LAI_2009_2014_W011_20250506_002214.pt,W011,2009,2014,2010-2011-2012-2013-2014,2009,rnn,rnn,True,0.5,0.0001,64,20,18,13,True,5,0.0,16384,4,1,1,4343735,12,27,cuda,478.48,3.12.4,2.3.1.post300,NVIDIA H100,63.43,mean,False,False,"[0,7]",True,32,160,503.48,0.09868,0.31413,0.17659,0.98189,0.09868,0.31413,0.17659,0.98189,0.09846,0.31378,0.17946,0.98192,0.01551,"1.01363,0.42170,0.37479,0.32387,0.27350,0.23193,0.20355,0.18784,0.18050,0.17656,0.17446,0.17296,0.17222,0.17132,0.17085,0.17066,0.16999,0.16965","0.11656,0.10406,0.10264,0.09920,0.09850,0.09541,0.09846,0.09511,0.09646,0.09481,0.10256,0.09571,0.09365,0.09382,0.09604,0.09576,0.09591,0.09414",/gpfs/scratch/bsc32/ai4land/saved_data/training_curve_W011_20250506_002214.png
20250506_002215,BackwardLAIPredictor,/gpfs/scratch/bsc32/ai4land/saved_data/BackwardLAIPredictor_rnn_attention_True_LAI_2009_2014_W011_20250506_002215.pt,W011,2009,2014,2010-2011-2012-2013-2014,2009,rnn,rnn,True,0.5,0.0,64,20,20,18,True,5,0.0,16384,4,1,1,4343735,12,27,cuda,532.09,3.12.4,2.3.1.post300,NVIDIA H100,63.43,mean,False,False,"[0,7]",True,32,160,503.48,0.10782,0.32837,0.18861,0.98018,0.10782,0.32837,0.18861,0.98018,0.09991,0.31609,0.18416,0.98159,0.0907,"0.88765,0.43465,0.37875,0.32181,0.26809,0.22692,0.19980,0.18606,0.17941,0.17556,0.17382,0.17265,0.17168,0.17112,0.17055,0.17011,0.16977,0.16935,0.16900,0.16880","0.11668,0.11455,0.10173,0.10151,0.09707,0.09876,0.10315,0.09643,0.09497,0.10111,0.09767,0.09715,0.10187,0.09432,0.10000,0.09518,0.10025,0.09392,0.09429,0.09791",/gpfs/scratch/bsc32/ai4land/saved_data/training_curve_W011_20250506_002215.png
20250506_002214,BackwardLAIPredictor,/gpfs/scratch/bsc32/ai4land/saved_data/BackwardLAIPredictor_rnn_attention_True_LAI_2009_2014_W011_20250506_002214.pt,W011,2009,2014,2010-2011-2012-2013-2014,2009,rnn,rnn,True,0.5,0.0,128,20,18,13,True,5,0.0,16384,4,1,1,4343735,12,27,cuda,915.32,3.12.4,2.3.1.post300,NVIDIA H100,63.43,mean,False,False,"[0,7]",True,32,160,503.48,0.10159,0.31873,0.17357,0.98137,0.10159,0.31873,0.17357,0.98137,0.09761,0.31243,0.17581,0.98203,0.06403,"0.52235,0.27133,0.24287,0.21262,0.19336,0.16555,0.14926,0.13908,0.13264,0.13493,0.15020,0.13346,0.12932,0.12689,0.12534,0.13194,0.13411,0.13092","0.10495,0.09880,0.09693,0.09495,0.09498,0.09324,0.09414,0.09329,0.09407,0.23373,0.09268,0.09379,0.09227,0.09591,0.09589,0.09406,0.09726,0.09279",/gpfs/scratch/bsc32/ai4land/saved_data/training_curve_W011_20250506_002214.png
20250506_003300,BackwardLAIPredictor,/gpfs/scratch/bsc32/ai4land/saved_data/BackwardLAIPredictor_rnn_attention_True_LAI_2009_2014_W011_20250506_003300.pt,W011,2009,2014,2010-2011-2012-2013-2014,2009,rnn,rnn,True,0.0,0.0001,16,20,20,15,True,5,0.0,16384,4,1,1,4343735,12,27,cuda,445.92,3.12.4,2.3.1.post300,NVIDIA H100,63.43,mean,False,False,"[0,7]",True,32,160,503.48,0.10008,0.31635,0.17176,0.98157,0.10007,0.31634,0.17168,0.98157,0.09566,0.30929,0.17555,0.98233,0.06657,"2.52744,0.12843,0.11539,0.10578,0.10056,0.09757,0.09572,0.09467,0.09390,0.09330,0.09279,0.09213,0.09136,0.09106,0.09089,0.09066,0.09052,0.09039,0.09019,0.09008","0.14801,0.12529,0.11191,0.10354,0.09963,0.09622,0.09564,0.09474,0.09442,0.09310,0.09373,0.09226,0.09290,0.09505,0.09196,0.09360,0.09205,0.09284,0.09366,0.09230",/gpfs/scratch/bsc32/ai4land/saved_data/training_curve_W011_20250506_003300.png
20250506_003300,BackwardLAIPredictor,/gpfs/scratch/bsc32/ai4land/saved_data/BackwardLAIPredictor_rnn_attention_True_LAI_2009_2014_W011_20250506_003300.pt,W011,2009,2014,2010-2011-2012-2013-2014,2009,rnn,rnn,True,0.0,0.0,16,20,20,20,True,5,0.0,16384,4,1,1,4343735,12,27,cuda,445.69,3.12.4,2.3.1.post300,NVIDIA H100,63.43,mean,False,False,"[0,7]",True,32,160,503.48,0.1016,0.31875,0.17206,0.98126,0.1016,0.31874,0.17203,0.98126,0.0997,0.31575,0.17882,0.98157,0.04367,"2.07895,0.11954,0.10747,0.10240,0.09939,0.09736,0.09580,0.09452,0.09371,0.09308,0.09258,0.09220,0.09181,0.09146,0.09105,0.09068,0.09033,0.09001,0.08982,0.08951","0.14252,0.11646,0.10790,0.10262,0.09866,0.09716,0.09655,0.09567,0.09488,0.09504,0.09412,0.09358,0.09385,0.09402,0.09402,0.09335,0.09310,0.09249,0.09245,0.09216",/gpfs/scratch/bsc32/ai4land/saved_data/training_curve_W011_20250506_003300.png
20250506_003300,BackwardLAIPredictor,/gpfs/scratch/bsc32/ai4land/saved_data/BackwardLAIPredictor_rnn_attention_True_LAI_2009_2014_W011_20250506_003300.pt,W011,2009,2014,2010-2011-2012-2013-2014,2009,rnn,rnn,True,0.0,1e-05,16,20,20,19,True,5,0.0,16384,4,1,1,4343735,12,27,cuda,448.93,3.12.4,2.3.1.post300,NVIDIA H100,63.43,mean,False,False,"[0,7]",True,32,160,503.48,0.10119,0.3181,0.17316,0.98135,0.10119,0.3181,0.17314,0.98135,0.0995,0.31543,0.17761,0.98162,0.04078,"2.12623,0.11817,0.10603,0.10250,0.09994,0.09780,0.09585,0.09460,0.09383,0.09337,0.09300,0.09256,0.09224,0.09206,0.09166,0.09143,0.09114,0.09088,0.09075,0.09047","0.14010,0.11045,0.10423,0.10060,0.09859,0.09741,0.09694,0.09701,0.09617,0.09581,0.09540,0.09480,0.09442,0.09380,0.09410,0.09350,0.09242,0.09245,0.09216,0.09448",/gpfs/scratch/bsc32/ai4land/saved_data/training_curve_W011_20250506_003300.png
20250506_003300,BackwardLAIPredictor,/gpfs/scratch/bsc32/ai4land/saved_data/BackwardLAIPredictor_rnn_attention_True_LAI_2009_2014_W011_20250506_003300.pt,W011,2009,2014,2010-2011-2012-2013-2014,2009,rnn,rnn,True,0.0,0.0,32,20,20,16,True,5,0.0,16384,4,1,1,4343735,12,27,cuda,450.55,3.12.4,2.3.1.post300,NVIDIA H100,63.43,mean,False,False,"[0,7]",True,32,160,503.48,0.10094,0.31772,0.17046,0.98146,0.10094,0.31771,0.17043,0.98146,0.09779,0.31271,0.17732,0.982,0.0557,"1.00189,0.10424,0.09658,0.09229,0.09071,0.08950,0.08843,0.08751,0.08679,0.08619,0.08567,0.08528,0.08487,0.08451,0.08426,0.08399,0.08375,0.08344,0.08326,0.08304","0.11462,0.10451,0.09780,0.09461,0.09463,0.09330,0.09474,0.09357,0.09261,0.09249,0.09203,0.09260,0.09337,0.09197,0.09348,0.09176,0.09280,0.09270,0.09212,0.09254",/gpfs/scratch/bsc32/ai4land/saved_data/training_curve_W011_20250506_003300.png
20250506_003300,BackwardLAIPredictor,/gpfs/scratch/bsc32/ai4land/saved_data/BackwardLAIPredictor_rnn_attention_True_LAI_2009_2014_W011_20250506_003300.pt,W011,2009,2014,2010-2011-2012-2013-2014,2009,rnn,rnn,True,0.5,1e-05,128,20,11,6,True,5,0.0,16384,4,1,1,4343735,12,27,cuda,559.63,3.12.4,2.3.1.post300,NVIDIA H100,63.43,mean,False,False,"[0,7]",True,32,160,503.48,0.10017,0.31649,0.18004,0.98166,0.10017,0.31649,0.18004,0.98166,0.09614,0.31006,0.17986,0.98233,0.06485,"0.57609,0.27709,0.24847,0.22036,0.19324,0.16947,0.15147,0.13977,0.14488,0.15340,0.13900","0.10657,0.09759,0.10110,0.09609,0.09513,0.09511,0.09558,0.09664,0.11752,0.09760,0.09853",/gpfs/scratch/bsc32/ai4land/saved_data/training_curve_W011_20250506_003300.png
20250506_003300,BackwardLAIPredictor,/gpfs/scratch/bsc32/ai4land/saved_data/BackwardLAIPredictor_rnn_attention_True_LAI_2009_2014_W011_20250506_003300.pt,W011,2009,2014,2010-2011-2012-2013-2014,2009,rnn,rnn,True,0.5,0.0001,128,20,19,14,True,5,0.0,16384,4,1,1,4343735,12,27,cuda,965.56,3.12.4,2.3.1.post300,NVIDIA H100,63.43,mean,False,False,"[0,7]",True,32,160,503.48,0.10726,0.32751,0.17787,0.98031,0.10726,0.32751,0.17787,0.98031,0.10216,0.31962,0.18116,0.98119,0.07269,"0.68219,0.28312,0.25696,0.23187,0.20612,0.18210,0.16232,0.14835,0.13941,0.13518,0.13273,0.13982,0.13494,0.12863,0.14386,0.12959,0.12692,0.12544,0.12481","0.10847,0.09898,0.09888,0.09926,0.09726,0.09651,0.09554,0.09429,0.09854,0.09536,0.09403,0.10135,0.09658,0.09355,0.09405,0.09410,0.09386,0.09426,0.09557",/gpfs/scratch/bsc32/ai4land/saved_data/training_curve_W011_20250506_003300.png
20250506_004740,BackwardLAIPredictor,/gpfs/scratch/bsc32/ai4land/saved_data/BackwardLAIPredictor_rnn_attention_True_LAI_2009_2014_W011_20250506_004740.pt,W011,2009,2014,2010-2011-2012-2013-2014,2009,rnn,rnn,True,0.0,1e-05,32,20,13,8,True,5,0.0,16384,4,1,1,4343735,12,27,cuda,285.78,3.12.4,2.3.1.post300,NVIDIA H100,63.43,mean,False,False,"[0,7]",True,32,160,503.48,0.10123,0.31817,0.17223,0.98137,0.10123,0.31816,0.1722,0.98137,0.0974,0.31209,0.17717,0.98203,0.06171,"1.23140,0.10686,0.09823,0.09424,0.09209,0.09055,0.08934,0.08854,0.08786,0.08727,0.08684,0.08635,0.08595","0.11925,0.10579,0.09989,0.09775,0.09747,0.09443,0.09447,0.09362,0.09387,0.09380,0.09432,0.09365,0.09445",/gpfs/scratch/bsc32/ai4land/saved_data/training_curve_W011_20250506_004740.png
20250506_004944,BackwardLAIPredictor,/gpfs/scratch/bsc32/ai4land/saved_data/BackwardLAIPredictor_rnn_attention_True_LAI_2009_2014_W011_20250506_004944.pt,W011,2009,2014,2010-2011-2012-2013-2014,2009,rnn,rnn,True,0.0,0.0001,64,20,10,5,True,5,0.0,16384,4,1,1,4343735,12,27,cuda,264.06,3.12.4,2.3.1.post300,NVIDIA H100,63.43,mean,False,False,"[0,7]",True,32,160,503.48,0.09752,0.31228,0.16811,0.98214,0.09752,0.31228,0.16807,0.98214,0.09621,0.31018,0.17323,0.98235,0.03534,"0.74353,0.09718,0.09291,0.09083,0.08906,0.08752,0.08630,0.08543,0.08470,0.08405","0.10428,0.09792,0.09553,0.09620,0.09325,0.09589,0.09411,0.09748,0.09356,0.09465",/gpfs/scratch/bsc32/ai4land/saved_data/training_curve_W011_20250506_004944.png
20250506_004943,BackwardLAIPredictor,/gpfs/scratch/bsc32/ai4land/saved_data/BackwardLAIPredictor_rnn_attention_True_LAI_2009_2014_W011_20250506_004943.pt,W011,2009,2014,2010-2011-2012-2013-2014,2009,rnn,rnn,True,0.0,1e-05,64,20,15,10,True,5,0.0,16384,4,1,1,4343735,12,27,cuda,396.02,3.12.4,2.3.1.post300,NVIDIA H100,63.43,mean,False,False,"[0,7]",True,32,160,503.48,0.09799,0.31303,0.16804,0.982,0.09799,0.31303,0.16802,0.982,0.09672,0.311,0.17347,0.9822,0.03515,"0.53629,0.09689,0.09183,0.08910,0.08700,0.08553,0.08428,0.08340,0.08260,0.08192,0.08127,0.08071,0.08026,0.07980,0.07948","0.10537,0.09801,0.09686,0.09368,0.09221,0.09526,0.09542,0.09435,0.09210,0.09171,0.09282,0.09184,0.09413,0.09385,0.09479",/gpfs/scratch/bsc32/ai4land/saved_data/training_curve_W011_20250506_004943.png
20250506_004943,BackwardLAIPredictor,/gpfs/scratch/bsc32/ai4land/saved_data/BackwardLAIPredictor_rnn_attention_True_LAI_2009_2014_W011_20250506_004943.pt,W011,2009,2014,2010-2011-2012-2013-2014,2009,rnn,rnn,True,0.0,0.0,64,20,15,10,True,5,0.0,16384,4,1,1,4343735,12,27,cuda,396.22,3.12.4,2.3.1.post300,NVIDIA H100,63.43,mean,False,False,"[0,7]",True,32,160,503.48,0.09572,0.30939,0.16759,0.9825,0.09572,0.30939,0.16757,0.9825,0.09296,0.3049,0.17151,0.98295,0.05245,"0.53888,0.10102,0.09391,0.09090,0.08881,0.08731,0.08604,0.08501,0.08399,0.08308,0.08236,0.08163,0.08109,0.08060,0.08012","0.11059,0.09771,0.09487,0.09596,0.09508,0.09472,0.08994,0.09008,0.09735,0.08941,0.09391,0.09204,0.09018,0.09257,0.09242",/gpfs/scratch/bsc32/ai4land/saved_data/training_curve_W011_20250506_004943.png
20250506_004943,BackwardLAIPredictor,/gpfs/scratch/bsc32/ai4land/saved_data/BackwardLAIPredictor_rnn_attention_True_LAI_2009_2014_W011_20250506_004943.pt,W011,2009,2014,2010-2011-2012-2013-2014,2009,rnn,rnn,True,0.0,0.0001,32,20,20,19,True,5,0.0,16384,4,1,1,4343735,12,27,cuda,446.86,3.12.4,2.3.1.post300,NVIDIA H100,63.43,mean,False,False,"[0,7]",True,32,160,503.48,0.0979,0.31289,0.16978,0.98201,0.09789,0.31287,0.16971,0.98201,0.09626,0.31026,0.17609,0.98228,0.03965,"1.04638,0.10413,0.09757,0.09491,0.09346,0.09240,0.09155,0.09079,0.09011,0.08950,0.08904,0.08855,0.08812,0.08778,0.08742,0.08718,0.08680,0.08657,0.08629,0.08609","0.11740,0.10536,0.10053,0.09877,0.09708,0.09664,0.09628,0.09504,0.09511,0.09357,0.09583,0.09323,0.09370,0.09289,0.09560,0.09285,0.09209,0.09317,0.09138,0.09313",/gpfs/scratch/bsc32/ai4land/saved_data/training_curve_W011_20250506_004943.png
20250506_005440,BackwardLAIPredictor,/gpfs/scratch/bsc32/ai4land/saved_data/BackwardLAIPredictor_rnn_attention_True_LAI_2009_2014_W011_20250506_005440.pt,W011,2009,2014,2010-2011-2012-2013-2014,2009,rnn,rnn,True,0.25,0.0001,64,20,9,4,True,5,0.0,16384,4,1,1,4343735,12,27,cuda,240.53,3.12.4,2.3.1.post300,NVIDIA H100,63.43,mean,False,False,"[0,7]",True,32,160,503.48,0.09795,0.31297,0.17666,0.98199,0.09795,0.31297,0.17665,0.98199,0.09374,0.30616,0.17633,0.98272,0.06586,"0.71592,0.23888,0.21672,0.20005,0.18369,0.16710,0.15200,0.13971,0.13078","0.10968,0.09984,0.09396,0.09288,0.09375,0.09412,0.09458,0.09527,0.09552",/gpfs/scratch/bsc32/ai4land/saved_data/training_curve_W011_20250506_005440.png
20250506_005439,BackwardLAIPredictor,/gpfs/scratch/bsc32/ai4land/saved_data/BackwardLAIPredictor_rnn_attention_True_LAI_2009_2014_W011_20250506_005439.pt,W011,2009,2014,2010-2011-2012-2013-2014,2009,rnn,rnn,True,0.25,0.0,64,20,9,4,True,5,0.0,16384,4,1,1,4343735,12,27,cuda,238.32,3.12.4,2.3.1.post300,NVIDIA H100,63.43,mean,False,False,"[0,7]",True,32,160,503.48,0.10004,0.31629,0.17082,0.98162,0.10004,0.31629,0.17081,0.98162,0.09731,0.31194,0.17603,0.98209,0.05237,"0.80043,0.24186,0.22168,0.20595,0.18832,0.17091,0.15425,0.14053,0.13023","0.10914,0.09713,0.09771,0.09202,0.09564,0.09351,0.09227,0.09314,0.09300",/gpfs/scratch/bsc32/ai4land/saved_data/training_curve_W011_20250506_005439.png
20250506_005440,BackwardLAIPredictor,/gpfs/scratch/bsc32/ai4land/saved_data/BackwardLAIPredictor_rnn_attention_True_LAI_2009_2014_W011_20250506_005440.pt,W011,2009,2014,2010-2011-2012-2013-2014,2009,rnn,rnn,True,0.25,0.0,32,20,15,10,True,5,0.0,16384,4,1,1,4343735,12,27,cuda,342.5,3.12.4,2.3.1.post300,NVIDIA H100,63.43,mean,False,False,"[0,7]",True,32,160,503.48,0.09631,0.31035,0.17533,0.98224,0.09631,0.31035,0.17533,0.98224,0.09623,0.31021,0.17708,0.98224,0.0101,"1.15803,0.33888,0.30646,0.27848,0.24727,0.21589,0.19036,0.17179,0.16152,0.15606,0.15272,0.15083,0.14939,0.14836,0.14768","0.12156,0.10993,0.10771,0.10309,0.09816,0.09699,0.09737,0.09724,0.09498,0.09485,0.09570,0.09809,0.09654,0.09869,0.09760",/gpfs/scratch/bsc32/ai4land/saved_data/training_curve_W011_20250506_005440.png
20250506_005439,BackwardLAIPredictor,/gpfs/scratch/bsc32/ai4land/saved_data/BackwardLAIPredictor_rnn_attention_True_LAI_2009_2014_W011_20250506_005439.pt,W011,2009,2014,2010-2011-2012-2013-2014,2009,rnn,rnn,True,0.25,1e-05,128,20,7,2,True,5,0.0,16384,4,1,1,4343735,12,27,cuda,354.81,3.12.4,2.3.1.post300,NVIDIA H100,63.43,mean,False,False,"[0,7]",True,32,160,503.48,0.09857,0.31395,0.17045,0.98191,0.09856,0.31395,0.17042,0.98192,0.09624,0.31022,0.1732,0.9823,0.04868,"0.44776,0.16223,0.15155,0.14364,0.13616,0.12857,0.12120","0.10150,0.09286,0.09390,0.09304,0.09448,0.09778,0.09460",/gpfs/scratch/bsc32/ai4land/saved_data/training_curve_W011_20250506_005439.png
20250506_005439,BackwardLAIPredictor,/gpfs/scratch/bsc32/ai4land/saved_data/BackwardLAIPredictor_rnn_attention_True_LAI_2009_2014_W011_20250506_005439.pt,W011,2009,2014,2010-2011-2012-2013-2014,2009,rnn,rnn,True,0.25,0.0001,32,20,17,12,True,5,0.0,16384,4,1,1,4343735,12,27,cuda,388.02,3.12.4,2.3.1.post300,NVIDIA H100,63.43,mean,False,False,"[0,7]",True,32,160,503.48,0.09757,0.31237,0.17712,0.98208,0.09757,0.31237,0.17712,0.98208,0.09535,0.30879,0.17761,0.98244,0.04882,"1.70663,0.34075,0.31081,0.28721,0.26065,0.23153,0.20358,0.18135,0.16679,0.15871,0.15435,0.15172,0.15065,0.14911,0.16542,0.16453,0.15289","0.11664,0.10545,0.10673,0.09736,0.09884,0.09789,0.09460,0.09564,0.09645,0.09538,0.09810,0.09362,0.09508,0.09456,0.12166,0.09490,0.09568",/gpfs/scratch/bsc32/ai4land/saved_data/training_curve_W011_20250506_005439.png
20250506_004944,BackwardLAIPredictor,/gpfs/scratch/bsc32/ai4land/saved_data/BackwardLAIPredictor_rnn_attention_True_LAI_2009_2014_W011_20250506_004944.pt,W011,2009,2014,2010-2011-2012-2013-2014,2009,rnn,rnn,True,0.0,0.0,128,20,14,9,True,5,0.0,16384,4,1,1,4343735,12,27,cuda,705.52,3.12.4,2.3.1.post300,NVIDIA H100,63.43,mean,False,False,"[0,7]",True,32,160,503.48,0.10426,0.32289,0.17007,0.98073,0.10426,0.32289,0.17005,0.98073,0.10026,0.31663,0.17589,0.98144,0.06277,"0.39529,0.09337,0.08941,0.08676,0.08493,0.08326,0.08178,0.08045,0.07934,0.07834,0.07751,0.07680,0.07619,0.07554","0.09889,0.09550,0.09371,0.09364,0.09419,0.09224,0.09371,0.09476,0.09155,0.09358,0.09228,0.09290,0.09261,0.09300",/gpfs/scratch/bsc32/ai4land/saved_data/training_curve_W011_20250506_004944.png
20250506_005439,BackwardLAIPredictor,/gpfs/scratch/bsc32/ai4land/saved_data/BackwardLAIPredictor_rnn_attention_True_LAI_2009_2014_W011_20250506_005439.pt,W011,2009,2014,2010-2011-2012-2013-2014,2009,rnn,rnn,True,0.25,1e-05,16,20,20,20,True,5,0.0,16384,4,1,1,4343735,12,27,cuda,454.12,3.12.4,2.3.1.post300,NVIDIA H100,63.43,mean,False,False,"[0,7]",True,32,160,503.48,0.10021,0.31656,0.18079,0.98148,0.10021,0.31656,0.18079,0.98148,0.09965,0.31568,0.18339,0.98156,0.0244,"2.93889,0.63633,0.55621,0.48812,0.42174,0.35405,0.29554,0.25422,0.23127,0.22051,0.21639,0.21753,0.21248,0.21557,0.21138,0.21243,0.21377,0.21272,0.21096,0.21134","0.15800,0.13691,0.12057,0.11265,0.10598,0.10627,0.10254,0.10664,0.10294,0.10774,0.10348,0.10212,0.10904,0.10104,0.09925,0.10106,0.09976,0.10013,0.10079,0.09873",/gpfs/scratch/bsc32/ai4land/saved_data/training_curve_W011_20250506_005439.png
20250506_005440,BackwardLAIPredictor,/gpfs/scratch/bsc32/ai4land/saved_data/BackwardLAIPredictor_rnn_attention_True_LAI_2009_2014_W011_20250506_005440.pt,W011,2009,2014,2010-2011-2012-2013-2014,2009,rnn,rnn,True,0.25,0.0,16,20,20,16,True,5,0.0,16384,4,1,1,4343735,12,27,cuda,454.17,3.12.4,2.3.1.post300,NVIDIA H100,63.43,mean,False,False,"[0,7]",True,32,160,503.48,0.10453,0.32331,0.18822,0.98082,0.10453,0.32331,0.18822,0.98082,0.10057,0.31713,0.18659,0.98148,0.06414,"3.49332,0.61538,0.53966,0.47778,0.41691,0.35469,0.29832,0.25640,0.23177,0.21967,0.21420,0.21163,0.21026,0.20939,0.20865,0.20838,0.20788,0.20751,0.20727,0.20698","0.16555,0.13073,0.12347,0.11241,0.11445,0.10644,0.10474,0.10406,0.10488,0.11169,0.10315,0.10326,0.10077,0.10045,0.10042,0.09972,0.10202,0.10005,0.10064,0.10009",/gpfs/scratch/bsc32/ai4land/saved_data/training_curve_W011_20250506_005440.png
20250506_005440,BackwardLAIPredictor,/gpfs/scratch/bsc32/ai4land/saved_data/BackwardLAIPredictor_rnn_attention_True_LAI_2009_2014_W011_20250506_005440.pt,W011,2009,2014,2010-2011-2012-2013-2014,2009,rnn,rnn,True,0.25,0.0001,16,20,20,18,True,5,0.0,16384,4,1,1,4343735,12,27,cuda,455.09,3.12.4,2.3.1.post300,NVIDIA H100,63.43,mean,False,False,"[0,7]",True,32,160,503.48,0.10686,0.32689,0.19218,0.98022,0.10686,0.32689,0.19217,0.98022,0.10115,0.31803,0.18814,0.98125,0.07655,"2.40334,0.55633,0.48058,0.42133,0.36442,0.30958,0.26666,0.23894,0.22489,0.21755,0.21457,0.21331,0.21203,0.21146,0.21119,0.21055,0.21017,0.20998,0.20942,0.20912","0.16480,0.14215,0.11917,0.11732,0.11087,0.10493,0.11050,0.10862,0.10398,0.10081,0.10479,0.10089,0.09852,0.09827,0.10078,0.10085,0.09838,0.09712,0.09746,0.10242",/gpfs/scratch/bsc32/ai4land/saved_data/training_curve_W011_20250506_005440.png
20250506_005440,BackwardLAIPredictor,/gpfs/scratch/bsc32/ai4land/saved_data/BackwardLAIPredictor_rnn_attention_True_LAI_2009_2014_W011_20250506_005440.pt,W011,2009,2014,2010-2011-2012-2013-2014,2009,rnn,rnn,True,0.25,1e-05,32,20,20,19,True,5,0.0,16384,4,1,1,4343735,12,27,cuda,458.28,3.12.4,2.3.1.post300,NVIDIA H100,63.43,mean,False,False,"[0,7]",True,32,160,503.48,0.10146,0.31853,0.1764,0.98132,0.10146,0.31853,0.1764,0.98132,0.09843,0.31374,0.18057,0.98182,0.05547,"1.40015,0.35674,0.31908,0.29321,0.26477,0.23284,0.20209,0.18012,0.16636,0.15863,0.15421,0.15152,0.14984,0.14866,0.14771,0.14702,0.14667,0.14604,0.14567,0.14533","0.11938,0.10803,0.09979,0.09728,0.09794,0.09605,0.09589,0.09889,0.09646,0.09674,0.09687,0.09460,0.09513,0.09459,0.09471,0.09495,0.09714,0.09542,0.09407,0.09432",/gpfs/scratch/bsc32/ai4land/saved_data/training_curve_W011_20250506_005440.png
20250506_005440,BackwardLAIPredictor,/gpfs/scratch/bsc32/ai4land/saved_data/BackwardLAIPredictor_rnn_attention_True_LAI_2009_2014_W011_20250506_005440.pt,W011,2009,2014,2010-2011-2012-2013-2014,2009,rnn,rnn,True,0.25,1e-05,64,20,20,16,True,5,0.0,16384,4,1,1,4343735,12,27,cuda,531.56,3.12.4,2.3.1.post300,NVIDIA H100,63.43,mean,False,False,"[0,7]",True,32,160,503.48,0.09878,0.31429,0.17012,0.98185,0.09878,0.31429,0.17012,0.98185,0.0981,0.31322,0.17561,0.98196,0.02509,"0.87503,0.22497,0.20888,0.19653,0.18278,0.16845,0.15313,0.14042,0.13074,0.12422,0.12033,0.11900,0.11620,0.11495,0.11395,0.11313,0.13713,0.11962,0.11531,0.11988","0.10449,0.09806,0.10103,0.09670,0.09366,0.09302,0.09289,0.09537,0.09590,0.09359,0.09380,0.09256,0.09241,0.09226,0.09440,0.09118,0.09464,0.09555,0.09654,0.09218",/gpfs/scratch/bsc32/ai4land/saved_data/training_curve_W011_20250506_005440.png
20250506_005547,BackwardLAIPredictor,/gpfs/scratch/bsc32/ai4land/saved_data/BackwardLAIPredictor_rnn_attention_True_LAI_2009_2014_W011_20250506_005547.pt,W011,2009,2014,2010-2011-2012-2013-2014,2009,rnn,rnn,True,0.25,0.0001,128,20,10,5,True,5,0.0,16384,4,1,1,4343735,12,27,cuda,508.28,3.12.4,2.3.1.post300,NVIDIA H100,63.43,mean,False,False,"[0,7]",True,32,160,503.48,0.10712,0.32729,0.1763,0.98022,0.10712,0.32729,0.17626,0.98022,0.10568,0.32509,0.1837,0.98046,0.03761,"0.38902,0.15826,0.14927,0.14175,0.13463,0.12793,0.12165,0.11604,0.11155,0.10780","0.09984,0.09392,0.09402,0.09516,0.09076,0.09413,0.09525,0.09496,0.09241,0.09143",/gpfs/scratch/bsc32/ai4land/saved_data/training_curve_W011_20250506_005547.png
20250506_010014,BackwardLAIPredictor,/gpfs/scratch/bsc32/ai4land/saved_data/BackwardLAIPredictor_rnn_attention_True_LAI_2009_2014_W011_20250506_010014.pt,W011,2009,2014,2010-2011-2012-2013-2014,2009,rnn,rnn,True,0.5,1e-05,32,20,13,8,True,5,0.0,16384,4,1,1,4343735,12,27,cuda,295.0,3.12.4,2.3.1.post300,NVIDIA H100,63.43,mean,False,False,"[0,7]",True,32,160,503.48,0.1069,0.32696,0.20144,0.98046,0.1069,0.32696,0.20144,0.98046,0.10257,0.32027,0.19488,0.98113,0.06675,"2.05165,0.72106,0.62903,0.52835,0.43186,0.35311,0.30251,0.27714,0.26677,0.26265,0.26067,0.25954,0.25885","0.13407,0.11974,0.11379,0.11480,0.10459,0.10201,0.10358,0.10112,0.10773,0.10399,0.10536,0.10128,0.10293",/gpfs/scratch/bsc32/ai4land/saved_data/training_curve_W011_20250506_010014.png
20250506_005800,BackwardLAIPredictor,/gpfs/scratch/bsc32/ai4land/saved_data/BackwardLAIPredictor_rnn_attention_True_LAI_2009_2014_W011_20250506_005800.pt,W011,2009,2014,2010-2011-2012-2013-2014,2009,rnn,rnn,True,0.5,1e-05,16,20,20,18,True,5,0.0,16384,4,1,1,4343735,12,27,cuda,450.53,3.12.4,2.3.1.post300,NVIDIA H100,63.43,mean,False,False,"[0,7]",True,32,160,503.48,0.11054,0.33248,0.21246,0.9795,0.11054,0.33248,0.21246,0.9795,0.11045,0.33234,0.21127,0.97951,0.00984,"3.13757,1.28792,1.06691,0.85301,0.67314,0.54995,0.48387,0.45739,0.44849,0.44571,0.44421,0.44336,0.44244,0.43674,0.42653,0.42346,0.42245,0.42154,0.42130,0.42068","0.22260,0.19500,0.18179,0.16961,0.12830,0.13153,0.14038,0.14456,0.12853,0.12682,0.14260,0.13262,0.12860,0.13008,0.12006,0.12359,0.12319,0.11915,0.13813,0.12030",/gpfs/scratch/bsc32/ai4land/saved_data/training_curve_W011_20250506_005800.png
20250506_005800,BackwardLAIPredictor,/gpfs/scratch/bsc32/ai4land/saved_data/BackwardLAIPredictor_rnn_attention_True_LAI_2009_2014_W011_20250506_005800.pt,W011,2009,2014,2010-2011-2012-2013-2014,2009,rnn,rnn,True,0.5,0.0,16,20,20,15,True,5,0.0,16384,4,1,1,4343735,12,27,cuda,451.82,3.12.4,2.3.1.post300,NVIDIA H100,63.43,mean,False,False,"[0,7]",True,32,160,503.48,0.12106,0.34794,0.2388,0.97776,0.12106,0.34793,0.23879,0.97776,0.11496,0.33906,0.22001,0.97882,0.07714,"3.67930,1.23783,1.03555,0.82833,0.65852,0.53687,0.47003,0.44094,0.43345,0.42798,0.42592,0.42331,0.42311,0.42193,0.42130,0.42070,0.42000,0.41971,0.41933,0.41907","0.25073,0.18290,0.15899,0.14278,0.14650,0.13106,0.12644,0.12737,0.12943,0.13394,0.12414,0.12287,0.12106,0.12718,0.12079,0.12763,0.12346,0.12227,0.12828,0.12353",/gpfs/scratch/bsc32/ai4land/saved_data/training_curve_W011_20250506_005800.png
20250506_005439,BackwardLAIPredictor,/gpfs/scratch/bsc32/ai4land/saved_data/BackwardLAIPredictor_rnn_attention_True_LAI_2009_2014_W011_20250506_005439.pt,W011,2009,2014,2010-2011-2012-2013-2014,2009,rnn,rnn,True,0.25,0.0,128,20,13,8,True,5,0.0,16384,4,1,1,4343735,12,27,cuda,659.04,3.12.4,2.3.1.post300,NVIDIA H100,63.43,mean,False,False,"[0,7]",True,32,160,503.48,0.10015,0.31646,0.17156,0.98167,0.10015,0.31646,0.17153,0.98167,0.09801,0.31306,0.17351,0.98201,0.04704,"0.50218,0.16951,0.15638,0.14792,0.13948,0.13158,0.12418,0.11754,0.11185,0.10711,0.10343,0.10056,0.09840","0.10599,0.09895,0.09748,0.09381,0.09191,0.09554,0.09418,0.09094,0.09370,0.09165,0.09469,0.09924,0.09440",/gpfs/scratch/bsc32/ai4land/saved_data/training_curve_W011_20250506_005439.png
20250506_005846,BackwardLAIPredictor,/gpfs/scratch/bsc32/ai4land/saved_data/BackwardLAIPredictor_rnn_attention_True_LAI_2009_2014_W011_20250506_005846.pt,W011,2009,2014,2010-2011-2012-2013-2014,2009,rnn,rnn,True,0.5,0.0001,16,20,20,20,True,5,0.0,16384,4,1,1,4343735,12,27,cuda,444.94,3.12.4,2.3.1.post300,NVIDIA H100,63.43,mean,False,False,"[0,7]",True,32,160,503.48,0.11302,0.33619,0.21723,0.97917,0.11302,0.33619,0.21723,0.97917,0.11045,0.33233,0.20915,0.97958,0.05115,"3.72259,1.35443,1.13062,0.90203,0.70741,0.56368,0.47857,0.44142,0.42912,0.42456,0.42266,0.42146,0.42069,0.42005,0.41965,0.41948,0.41909,0.41863,0.41826,0.41841","0.22592,0.19124,0.17166,0.15741,0.14356,0.13812,0.12332,0.13683,0.12851,0.12695,0.12267,0.12400,0.12808,0.12242,0.12236,0.11893,0.12104,0.12037,0.12426,0.11532",/gpfs/scratch/bsc32/ai4land/saved_data/training_curve_W011_20250506_005846.png
20250506_005145,BackwardLAIPredictor,/gpfs/scratch/bsc32/ai4land/saved_data/BackwardLAIPredictor_rnn_attention_True_LAI_2009_2014_W011_20250506_005145.pt,W011,2009,2014,2010-2011-2012-2013-2014,2009,rnn,rnn,True,0.0,1e-05,128,20,17,12,True,5,0.0,16384,4,1,1,4343735,12,27,cuda,858.56,3.12.4,2.3.1.post300,NVIDIA H100,63.43,mean,False,False,"[0,7]",True,32,160,503.48,0.09845,0.31376,0.17095,0.98181,0.09845,0.31376,0.17095,0.98181,0.09689,0.31126,0.17368,0.98206,0.04108,"0.39758,0.09736,0.09179,0.08825,0.08624,0.08431,0.08298,0.08163,0.08049,0.07943,0.07855,0.07781,0.07710,0.07657,0.07597,0.07547,0.07507","0.10444,0.09900,0.09330,0.09482,0.09491,0.09325,0.09550,0.09407,0.09347,0.08968,0.09107,0.08891,0.09227,0.09629,0.09533,0.09291,0.09330",/gpfs/scratch/bsc32/ai4land/saved_data/training_curve_W011_20250506_005145.png
20250506_005440,BackwardLAIPredictor,/gpfs/scratch/bsc32/ai4land/saved_data/BackwardLAIPredictor_rnn_attention_True_LAI_2009_2014_W011_20250506_005440.pt,W011,2009,2014,2010-2011-2012-2013-2014,2009,rnn,rnn,True,0.0,0.0001,128,20,14,9,True,5,0.0,16384,4,1,1,4343735,12,27,cuda,706.85,3.12.4,2.3.1.post300,NVIDIA H100,63.43,mean,False,False,"[0,7]",True,32,160,503.48,0.1016,0.31875,0.17184,0.98122,0.1016,0.31875,0.17183,0.98122,0.09829,0.31352,0.17633,0.98181,0.05861,"0.33606,0.09270,0.08909,0.08682,0.08517,0.08392,0.08282,0.08187,0.08100,0.08047,0.07981,0.07935,0.07881,0.07849","0.10174,0.09454,0.09368,0.09477,0.09353,0.09548,0.09293,0.09104,0.08985,0.09283,0.09222,0.09509,0.09248,0.09345",/gpfs/scratch/bsc32/ai4land/saved_data/training_curve_W011_20250506_005440.png
20250506_010211,BackwardLAIPredictor,/gpfs/scratch/bsc32/ai4land/saved_data/BackwardLAIPredictor_rnn_attention_True_LAI_2009_2014_W011_20250506_010211.pt,W011,2009,2014,2010-2011-2012-2013-2014,2009,rnn,rnn,True,0.5,0.0001,64,20,11,6,True,5,0.0,16384,4,1,1,4343735,12,27,cuda,290.43,3.12.4,2.3.1.post300,NVIDIA H100,63.43,mean,False,False,"[0,7]",True,32,160,503.48,0.10202,0.31941,0.17899,0.98114,0.10202,0.31941,0.17899,0.98114,0.09982,0.31594,0.18271,0.98154,0.04791,"1.16715,0.46212,0.40884,0.35522,0.29956,0.25077,0.21482,0.19378,0.18328,0.19847,0.19368","0.11898,0.10845,0.11076,0.09978,0.09824,0.09717,0.09850,0.09761,0.09790,0.10701,0.09846",/gpfs/scratch/bsc32/ai4land/saved_data/training_curve_W011_20250506_010211.png
20250506_010211,BackwardLAIPredictor,/gpfs/scratch/bsc32/ai4land/saved_data/BackwardLAIPredictor_rnn_attention_True_LAI_2009_2014_W011_20250506_010211.pt,W011,2009,2014,2010-2011-2012-2013-2014,2009,rnn,rnn,True,0.5,1e-05,64,20,11,6,True,5,0.0,16384,4,1,1,4343735,12,27,cuda,290.57,3.12.4,2.3.1.post300,NVIDIA H100,63.43,mean,False,False,"[0,7]",True,32,160,503.48,0.09706,0.31155,0.17843,0.98217,0.09706,0.31155,0.17843,0.98217,0.09466,0.30767,0.17837,0.98256,0.04999,"0.94366,0.43328,0.37528,0.31869,0.26722,0.22640,0.19978,0.18553,0.17898,0.17560,0.17370","0.13017,0.10478,0.10975,0.09973,0.09750,0.09571,0.09623,0.09925,0.09634,0.09852,0.09719",/gpfs/scratch/bsc32/ai4land/saved_data/training_curve_W011_20250506_010211.png
20250506_010211,BackwardLAIPredictor,/gpfs/scratch/bsc32/ai4land/saved_data/BackwardLAIPredictor_rnn_attention_True_LAI_2009_2014_W011_20250506_010211.pt,W011,2009,2014,2010-2011-2012-2013-2014,2009,rnn,rnn,True,0.5,0.0,64,20,11,6,True,5,0.0,16384,4,1,1,4343735,12,27,cuda,291.78,3.12.4,2.3.1.post300,NVIDIA H100,63.43,mean,False,False,"[0,7]",True,32,160,503.48,0.10304,0.321,0.17876,0.98103,0.10304,0.321,0.17876,0.98103,0.10174,0.31897,0.18251,0.98125,0.03701,"1.05314,0.45058,0.39826,0.34294,0.28744,0.24115,0.20866,0.19053,0.18170,0.17697,0.17462","0.12256,0.10896,0.10398,0.09974,0.09617,0.09477,0.09560,0.09851,0.09499,0.09741,0.09557",/gpfs/scratch/bsc32/ai4land/saved_data/training_curve_W011_20250506_010211.png
20250506_010014,BackwardLAIPredictor,/gpfs/scratch/bsc32/ai4land/saved_data/BackwardLAIPredictor_rnn_attention_True_LAI_2009_2014_W011_20250506_010014.pt,W011,2009,2014,2010-2011-2012-2013-2014,2009,rnn,rnn,True,0.5,0.0,32,20,20,17,True,5,0.0,16384,4,1,1,4343735,12,27,cuda,448.67,3.12.4,2.3.1.post300,NVIDIA H100,63.43,mean,False,False,"[0,7]",True,32,160,503.48,0.10229,0.31982,0.19565,0.98126,0.10229,0.31982,0.19565,0.98126,0.10026,0.31664,0.19126,0.98157,0.0464,"1.89714,0.75149,0.64873,0.54022,0.43847,0.35621,0.30568,0.28155,0.27199,0.26768,0.26593,0.26458,0.26416,0.26356,0.26312,0.26268,0.26255,0.26197,0.26198,0.26191","0.14418,0.12676,0.11957,0.10925,0.10738,0.10946,0.11302,0.10759,0.10262,0.10641,0.10842,0.10144,0.10214,0.10184,0.11802,0.10808,0.09913,0.09991,0.10618,0.10332",/gpfs/scratch/bsc32/ai4land/saved_data/training_curve_W011_20250506_010014.png
20250506_010445,BackwardLAIPredictor,/gpfs/scratch/bsc32/ai4land/saved_data/BackwardLAIPredictor_rnn_attention_True_LAI_2009_2014_W011_20250506_010445.pt,W011,2009,2014,2010-2011-2012-2013-2014,2009,rnn,rnn,True,0.0,0.0,16,20,16,11,True,5,0.0,16384,4,1,1,4343735,12,27,cuda,358.83,3.12.4,2.3.1.post300,NVIDIA H100,63.43,mean,False,False,"[0,7]",True,32,160,503.48,0.10077,0.31744,0.17311,0.9814,0.10077,0.31744,0.17307,0.9814,0.09905,0.31472,0.17987,0.98169,0.04181,"2.06396,0.12346,0.11329,0.10741,0.10327,0.09942,0.09757,0.09636,0.09516,0.09325,0.09213,0.09139,0.09085,0.09044,0.09005,0.08971","0.13989,0.11946,0.11183,0.10687,0.10161,0.09875,0.09729,0.09621,0.09580,0.09519,0.09331,0.09520,0.09463,0.09357,0.09426,0.09415",/gpfs/scratch/bsc32/ai4land/saved_data/training_curve_W011_20250506_010445.png
20250506_010445,BackwardLAIPredictor,/gpfs/scratch/bsc32/ai4land/saved_data/BackwardLAIPredictor_rnn_attention_True_LAI_2009_2014_W011_20250506_010445.pt,W011,2009,2014,2010-2011-2012-2013-2014,2009,rnn,rnn,True,0.0,1e-05,16,20,17,12,True,5,0.0,16384,4,1,1,4343735,12,27,cuda,377.53,3.12.4,2.3.1.post300,NVIDIA H100,63.43,mean,False,False,"[0,7]",True,32,160,503.48,0.10032,0.31673,0.17377,0.98151,0.10029,0.31669,0.17357,0.98152,0.09728,0.31189,0.17744,0.98203,0.05549,"3.16564,0.12738,0.11264,0.10565,0.10150,0.09908,0.09762,0.09636,0.09518,0.09449,0.09395,0.09349,0.09314,0.09279,0.09258,0.09237,0.09217","0.14838,0.12212,0.11119,0.10312,0.09993,0.09757,0.09625,0.09631,0.09510,0.09656,0.09499,0.09407,0.09513,0.09450,0.09449,0.09574,0.09499",/gpfs/scratch/bsc32/ai4land/saved_data/training_curve_W011_20250506_010445.png
20250506_010445,BackwardLAIPredictor,/gpfs/scratch/bsc32/ai4land/saved_data/BackwardLAIPredictor_rnn_attention_True_LAI_2009_2014_W011_20250506_010445.pt,W011,2009,2014,2010-2011-2012-2013-2014,2009,rnn,rnn,True,0.0,1e-05,32,20,17,12,True,5,0.0,16384,4,1,1,4343735,12,27,cuda,376.51,3.12.4,2.3.1.post300,NVIDIA H100,63.43,mean,False,False,"[0,7]",True,32,160,503.48,0.10199,0.31935,0.17097,0.98121,0.10198,0.31934,0.17087,0.98121,0.0982,0.31337,0.17578,0.98188,0.06117,"1.37395,0.10862,0.09961,0.09609,0.09340,0.09159,0.09040,0.08936,0.08859,0.08775,0.08701,0.08639,0.08584,0.08537,0.08506,0.08473,0.08440","0.12222,0.10424,0.09924,0.09718,0.09548,0.09561,0.09347,0.09269,0.09314,0.09408,0.09254,0.09171,0.09208,0.09199,0.09178,0.09222,0.09290",/gpfs/scratch/bsc32/ai4land/saved_data/training_curve_W011_20250506_010445.png
20250506_010445,BackwardLAIPredictor,/gpfs/scratch/bsc32/ai4land/saved_data/BackwardLAIPredictor_rnn_attention_True_LAI_2009_2014_W011_20250506_010445.pt,W011,2009,2014,2010-2011-2012-2013-2014,2009,rnn,rnn,True,0.0,0.0001,16,20,20,19,True,5,0.0,16384,4,1,1,4343735,12,27,cuda,445.35,3.12.4,2.3.1.post300,NVIDIA H100,63.43,mean,False,False,"[0,7]",True,32,160,503.48,0.10655,0.32641,0.17711,0.98028,0.10654,0.3264,0.17699,0.98028,0.10066,0.31727,0.18151,0.9813,0.07657,"3.08012,0.12148,0.10919,0.10359,0.10070,0.09918,0.09793,0.09664,0.09559,0.09492,0.09434,0.09398,0.09346,0.09317,0.09288,0.09265,0.09235,0.09211,0.09187,0.09165","0.14496,0.11638,0.10546,0.10030,0.09907,0.09863,0.09629,0.09588,0.09572,0.09631,0.09543,0.09743,0.09587,0.09464,0.09544,0.09494,0.09524,0.09649,0.09458,0.09529",/gpfs/scratch/bsc32/ai4land/saved_data/training_curve_W011_20250506_010445.png
20250506_010445,BackwardLAIPredictor,/gpfs/scratch/bsc32/ai4land/saved_data/BackwardLAIPredictor_rnn_attention_True_LAI_2009_2014_W011_20250506_010445.pt,W011,2009,2014,2010-2011-2012-2013-2014,2009,rnn,rnn,True,0.0,0.0,32,20,20,20,True,5,0.0,16384,4,1,1,4343735,12,27,cuda,446.94,3.12.4,2.3.1.post300,NVIDIA H100,63.43,mean,False,False,"[0,7]",True,32,160,503.48,0.09953,0.31549,0.17105,0.98176,0.09952,0.31547,0.17098,0.98176,0.09703,0.31149,0.17681,0.98217,0.04958,"1.10815,0.10700,0.09836,0.09498,0.09280,0.09121,0.09001,0.08905,0.08830,0.08767,0.08720,0.08675,0.08628,0.08586,0.08553,0.08521,0.08482,0.08445,0.08412,0.08374","0.11939,0.10402,0.09932,0.09717,0.09539,0.09425,0.09224,0.09265,0.09290,0.09365,0.09340,0.09160,0.09574,0.09197,0.09218,0.09135,0.09253,0.09359,0.09344,0.09130",/gpfs/scratch/bsc32/ai4land/saved_data/training_curve_W011_20250506_010445.png
20250506_010445,BackwardLAIPredictor,/gpfs/scratch/bsc32/ai4land/saved_data/BackwardLAIPredictor_rnn_attention_True_LAI_2009_2014_W011_20250506_010445.pt,W011,2009,2014,2010-2011-2012-2013-2014,2009,rnn,rnn,True,0.5,0.0001,128,20,9,4,True,5,0.0,16384,4,1,1,4343735,12,27,cuda,456.93,3.12.4,2.3.1.post300,NVIDIA H100,63.43,mean,False,False,"[0,7]",True,32,160,503.48,0.10383,0.32222,0.18153,0.98092,0.10383,0.32222,0.18152,0.98092,0.09634,0.31038,0.17965,0.98223,0.08775,"0.73979,0.28681,0.26761,0.23678,0.21140,0.18679,0.16617,0.15103,0.14120","0.10792,0.10025,0.10022,0.09402,0.09871,0.09684,0.09790,0.09406,0.09540",/gpfs/scratch/bsc32/ai4land/saved_data/training_curve_W011_20250506_010445.png
20250506_010210,BackwardLAIPredictor,/gpfs/scratch/bsc32/ai4land/saved_data/BackwardLAIPredictor_rnn_attention_True_LAI_2009_2014_W011_20250506_010210.pt,W011,2009,2014,2010-2011-2012-2013-2014,2009,rnn,rnn,True,0.5,0.0,128,20,13,8,True,5,0.0,16384,4,1,1,4343735,12,27,cuda,661.4,3.12.4,2.3.1.post300,NVIDIA H100,63.43,mean,False,False,"[0,7]",True,32,160,503.48,0.09669,0.31095,0.17028,0.98219,0.09669,0.31095,0.17028,0.98219,0.09638,0.31045,0.17409,0.98223,0.01694,"0.59206,0.26854,0.24271,0.21612,0.19019,0.16722,0.14990,0.13891,0.13290,0.12914,0.14376,0.12860,0.12552","0.11700,0.09848,0.09486,0.09588,0.09775,0.09521,0.09349,0.09341,0.09440,0.09562,0.09667,0.09672,0.09400",/gpfs/scratch/bsc32/ai4land/saved_data/training_curve_W011_20250506_010210.png
20250506_010445,BackwardLAIPredictor,/gpfs/scratch/bsc32/ai4land/saved_data/BackwardLAIPredictor_rnn_attention_True_LAI_2009_2014_W011_20250506_010445.pt,W011,2009,2014,2010-2011-2012-2013-2014,2009,rnn,rnn,True,0.5,1e-05,128,20,12,7,True,5,0.0,16384,4,1,1,4343735,12,27,cuda,610.47,3.12.4,2.3.1.post300,NVIDIA H100,63.43,mean,False,False,"[0,7]",True,32,160,503.48,0.09677,0.31108,0.17012,0.98232,0.09677,0.31108,0.17012,0.98232,0.09491,0.30807,0.1742,0.98262,0.04382,"0.64491,0.27534,0.25066,0.22463,0.19858,0.17467,0.15559,0.14258,0.13513,0.14758,0.14127,0.13431","0.10170,0.10061,0.09781,0.09445,0.09489,0.09580,0.09211,0.09540,0.09682,0.09749,0.09636,0.09726",/gpfs/scratch/bsc32/ai4land/saved_data/training_curve_W011_20250506_010445.png
20250506_011639,BackwardLAIPredictor,/gpfs/scratch/bsc32/ai4land/saved_data/BackwardLAIPredictor_rnn_attention_True_LAI_2009_2014_W011_20250506_011639.pt,W011,2009,2014,2010-2011-2012-2013-2014,2009,rnn,rnn,True,0.25,1e-05,64,20,9,4,True,5,0.0,16384,4,1,1,4343735,12,27,cuda,239.88,3.12.4,2.3.1.post300,NVIDIA H100,63.43,mean,False,False,"[0,7]",True,32,160,503.48,0.1007,0.31733,0.17791,0.98154,0.1007,0.31733,0.17791,0.98154,0.09564,0.30926,0.17739,0.9824,0.07164,"0.73274,0.23134,0.21236,0.19929,0.18426,0.16807,0.15437,0.14003,0.13069","0.10300,0.09907,0.09615,0.09228,0.09371,0.09418,0.09672,0.09383,0.09334",/gpfs/scratch/bsc32/ai4land/saved_data/training_curve_W011_20250506_011639.png
20250506_011640,BackwardLAIPredictor,/gpfs/scratch/bsc32/ai4land/saved_data/BackwardLAIPredictor_rnn_attention_True_LAI_2009_2014_W011_20250506_011640.pt,W011,2009,2014,2010-2011-2012-2013-2014,2009,rnn,rnn,True,0.25,1e-05,16,20,12,7,True,5,0.0,16384,4,1,1,4343735,12,27,cuda,272.8,3.12.4,2.3.1.post300,NVIDIA H100,63.43,mean,False,False,"[0,7]",True,32,160,503.48,0.10732,0.32759,0.19118,0.9802,0.10732,0.32759,0.19118,0.9802,0.10235,0.31992,0.187,0.98105,0.07279,"3.08777,0.62011,0.53829,0.47652,0.41404,0.34843,0.29169,0.25136,0.22933,0.22233,0.21618,0.21532","0.14793,0.12024,0.11551,0.11145,0.10832,0.10402,0.10024,0.10632,0.10162,0.10200,0.10228,0.10255",/gpfs/scratch/bsc32/ai4land/saved_data/training_curve_W011_20250506_011640.png
20250506_011640,BackwardLAIPredictor,/gpfs/scratch/bsc32/ai4land/saved_data/BackwardLAIPredictor_rnn_attention_True_LAI_2009_2014_W011_20250506_011640.pt,W011,2009,2014,2010-2011-2012-2013-2014,2009,rnn,rnn,True,0.5,0.0001,32,20,12,7,True,5,0.0,16384,4,1,1,4343735,12,27,cuda,272.91,3.12.4,2.3.1.post300,NVIDIA H100,63.43,mean,False,False,"[0,7]",True,32,160,503.48,0.11026,0.33205,0.20488,0.97966,0.11026,0.33205,0.20488,0.97966,0.10404,0.32255,0.19531,0.98077,0.07974,"1.78906,0.75382,0.64935,0.53774,0.43415,0.35452,0.30507,0.28012,0.26651,0.26234,0.26039,0.25956","0.14802,0.14379,0.10948,0.11325,0.10645,0.10923,0.10320,0.10765,0.10348,0.10647,0.11167,0.10758",/gpfs/scratch/bsc32/ai4land/saved_data/training_curve_W011_20250506_011640.png
20250506_011639,BackwardLAIPredictor,/gpfs/scratch/bsc32/ai4land/saved_data/BackwardLAIPredictor_rnn_attention_True_LAI_2009_2014_W011_20250506_011639.pt,W011,2009,2014,2010-2011-2012-2013-2014,2009,rnn,rnn,True,0.25,0.0001,64,20,12,7,True,5,0.0,16384,4,1,1,4343735,12,27,cuda,319.28,3.12.4,2.3.1.post300,NVIDIA H100,63.43,mean,False,False,"[0,7]",True,32,160,503.48,0.09703,0.3115,0.17599,0.98218,0.09703,0.3115,0.17598,0.98218,0.09704,0.31152,0.17645,0.98217,0.00156,"0.74600,0.23166,0.21101,0.19665,0.18157,0.16522,0.14993,0.13786,0.12952,0.12419,0.12089,0.11863","0.10700,0.10009,0.10034,0.09463,0.09711,0.09418,0.09335,0.09532,0.09367,0.09527,0.09623,0.09634",/gpfs/scratch/bsc32/ai4land/saved_data/training_curve_W011_20250506_011639.png
20250506_011639,BackwardLAIPredictor,/gpfs/scratch/bsc32/ai4land/saved_data/BackwardLAIPredictor_rnn_attention_True_LAI_2009_2014_W011_20250506_011639.pt,W011,2009,2014,2010-2011-2012-2013-2014,2009,rnn,rnn,True,0.25,0.0,64,20,13,8,True,5,0.0,16384,4,1,1,4343735,12,27,cuda,345.52,3.12.4,2.3.1.post300,NVIDIA H100,63.43,mean,False,False,"[0,7]",True,32,160,503.48,0.10801,0.32864,0.17631,0.98016,0.10801,0.32864,0.1763,0.98016,0.10327,0.32136,0.17987,0.98099,0.06953,"0.60199,0.22067,0.20338,0.18880,0.17471,0.15762,0.14335,0.13251,0.12534,0.12091,0.11819,0.11647,0.11513","0.09964,0.09527,0.09431,0.09465,0.09300,0.09596,0.09397,0.09272,0.09564,0.09403,0.10000,0.09735,0.09306",/gpfs/scratch/bsc32/ai4land/saved_data/training_curve_W011_20250506_011639.png
20250506_011640,BackwardLAIPredictor,/gpfs/scratch/bsc32/ai4land/saved_data/BackwardLAIPredictor_rnn_attention_True_LAI_2009_2014_W011_20250506_011640.pt,W011,2009,2014,2010-2011-2012-2013-2014,2009,rnn,rnn,True,0.5,0.0001,32,20,15,10,True,5,0.0,16384,4,1,1,4343735,12,27,cuda,345.57,3.12.4,2.3.1.post300,NVIDIA H100,63.43,mean,False,False,"[0,7]",True,32,160,503.48,0.10925,0.33054,0.20474,0.98009,0.10925,0.33054,0.20474,0.98009,0.1025,0.32016,0.19425,0.98118,0.08295,"1.90372,0.76883,0.64922,0.53499,0.43056,0.35091,0.30099,0.27662,0.26710,0.26316,0.26110,0.26006,0.25933,0.25882,0.25837","0.15180,0.12574,0.11535,0.11093,0.10535,0.10637,0.10532,0.11364,0.11171,0.10285,0.10348,0.10620,0.10644,0.10885,0.10381",/gpfs/scratch/bsc32/ai4land/saved_data/training_curve_W011_20250506_011640.png
20250506_011640,BackwardLAIPredictor,/gpfs/scratch/bsc32/ai4land/saved_data/BackwardLAIPredictor_rnn_attention_True_LAI_2009_2014_W011_20250506_011640.pt,W011,2009,2014,2010-2011-2012-2013-2014,2009,rnn,rnn,True,0.5,0.0,64,20,14,9,True,5,0.0,16384,4,1,1,4343735,12,27,cuda,371.88,3.12.4,2.3.1.post300,NVIDIA H100,63.43,mean,False,False,"[0,7]",True,32,160,503.48,0.10102,0.31783,0.17788,0.98139,0.10102,0.31783,0.17788,0.98139,0.09714,0.31168,0.17897,0.98205,0.06415,"1.31098,0.46662,0.41772,0.36556,0.31112,0.26135,0.22306,0.19852,0.18987,0.18050,0.17936,0.17590,0.19321,0.17793","0.12641,0.11158,0.11194,0.10770,0.09664,0.10137,0.09415,0.10098,0.09307,0.09708,0.09619,0.09501,0.09724,0.09729",/gpfs/scratch/bsc32/ai4land/saved_data/training_curve_W011_20250506_011640.png
20250506_011639,BackwardLAIPredictor,/gpfs/scratch/bsc32/ai4land/saved_data/BackwardLAIPredictor_rnn_attention_True_LAI_2009_2014_W011_20250506_011639.pt,W011,2009,2014,2010-2011-2012-2013-2014,2009,rnn,rnn,True,0.25,0.0,32,20,17,12,True,5,0.0,16384,4,1,1,4343735,12,27,cuda,385.55,3.12.4,2.3.1.post300,NVIDIA H100,63.43,mean,False,False,"[0,7]",True,32,160,503.48,0.10147,0.31854,0.17694,0.9813,0.10147,0.31854,0.17694,0.9813,0.09827,0.31348,0.17912,0.98185,0.05846,"1.56643,0.34620,0.31400,0.28975,0.26297,0.23301,0.20494,0.18298,0.16829,0.16037,0.15640,0.15400,0.15252,0.15108,0.14961,0.14887,0.14809","0.12681,0.11056,0.10733,0.10593,0.10343,0.09741,0.09750,0.09915,0.09544,0.09651,0.09581,0.09349,0.09779,0.09850,0.09605,0.09663,0.09422",/gpfs/scratch/bsc32/ai4land/saved_data/training_curve_W011_20250506_011639.png
20250506_011639,BackwardLAIPredictor,/gpfs/scratch/bsc32/ai4land/saved_data/BackwardLAIPredictor_rnn_attention_True_LAI_2009_2014_W011_20250506_011639.pt,W011,2009,2014,2010-2011-2012-2013-2014,2009,rnn,rnn,True,0.0,0.0,64,20,15,10,True,5,0.0,16384,4,1,1,4343735,12,27,cuda,395.34,3.12.4,2.3.1.post300,NVIDIA H100,63.43,mean,False,False,"[0,7]",True,32,160,503.48,0.10054,0.31708,0.1699,0.98146,0.10054,0.31708,0.16989,0.98146,0.09871,0.31418,0.17591,0.98176,0.04228,"0.62846,0.09595,0.09067,0.08822,0.08638,0.08514,0.08389,0.08293,0.08209,0.08143,0.08083,0.08034,0.07985,0.07947,0.07912","0.10260,0.09776,0.09646,0.09809,0.09364,0.09410,0.09499,0.09472,0.09420,0.09220,0.09309,0.09360,0.09444,0.09364,0.09252",/gpfs/scratch/bsc32/ai4land/saved_data/training_curve_W011_20250506_011639.png
20250506_011640,BackwardLAIPredictor,/gpfs/scratch/bsc32/ai4land/saved_data/BackwardLAIPredictor_rnn_attention_True_LAI_2009_2014_W011_20250506_011640.pt,W011,2009,2014,2010-2011-2012-2013-2014,2009,rnn,rnn,True,0.5,0.0001,64,20,15,10,True,5,0.0,16384,4,1,1,4343735,12,27,cuda,400.21,3.12.4,2.3.1.post300,NVIDIA H100,63.43,mean,False,False,"[0,7]",True,32,160,503.48,0.09606,0.30994,0.17349,0.98235,0.09606,0.30994,0.17349,0.98235,0.09269,0.30445,0.17444,0.98291,0.0594,"1.25768,0.46718,0.41719,0.36414,0.30822,0.25900,0.22164,0.19777,0.18533,0.17928,0.17622,0.17450,0.17346,0.17270,0.17195","0.11860,0.10801,0.10699,0.09845,0.09600,0.09617,0.09903,0.09754,0.10184,0.09355,0.10053,0.09653,0.09777,0.09393,0.09404",/gpfs/scratch/bsc32/ai4land/saved_data/training_curve_W011_20250506_011640.png
20250506_011639,BackwardLAIPredictor,/gpfs/scratch/bsc32/ai4land/saved_data/BackwardLAIPredictor_rnn_attention_True_LAI_2009_2014_W011_20250506_011639.pt,W011,2009,2014,2010-2011-2012-2013-2014,2009,rnn,rnn,True,0.5,1e-05,16,20,18,13,True,5,0.0,16384,4,1,1,4343735,12,27,cuda,411.37,3.12.4,2.3.1.post300,NVIDIA H100,63.43,mean,False,False,"[0,7]",True,32,160,503.48,0.11704,0.34211,0.23279,0.97847,0.11704,0.34211,0.23279,0.97847,0.11218,0.33493,0.21623,0.97927,0.06976,"4.10100,1.39731,1.15035,0.93199,0.73375,0.58212,0.48941,0.44652,0.43052,0.42519,0.42309,0.42206,0.42107,0.42076,0.42028,0.42005,0.41945,0.41920","0.25079,0.18568,0.16339,0.16005,0.14014,0.13523,0.13794,0.12503,0.15904,0.12266,0.12258,0.13293,0.12080,0.12471,0.12393,0.12348,0.12497,0.12468",/gpfs/scratch/bsc32/ai4land/saved_data/training_curve_W011_20250506_011639.png
20250506_011640,BackwardLAIPredictor,/gpfs/scratch/bsc32/ai4land/saved_data/BackwardLAIPredictor_rnn_attention_True_LAI_2009_2014_W011_20250506_011640.pt,W011,2009,2014,2010-2011-2012-2013-2014,2009,rnn,rnn,True,0.5,0.0,128,20,8,3,True,5,0.0,16384,4,1,1,4343735,12,27,cuda,407.04,3.12.4,2.3.1.post300,NVIDIA H100,63.43,mean,False,False,"[0,7]",True,32,160,503.48,0.10372,0.32206,0.17741,0.98094,0.10372,0.32206,0.17741,0.98094,0.09891,0.3145,0.1791,0.98178,0.0711,"0.61936,0.27702,0.24688,0.21966,0.19366,0.17025,0.15231,0.14039","0.10654,0.10140,0.09302,0.09638,0.09539,0.09631,0.09432,0.09352",/gpfs/scratch/bsc32/ai4land/saved_data/training_curve_W011_20250506_011640.png
20250506_011639,BackwardLAIPredictor,/gpfs/scratch/bsc32/ai4land/saved_data/BackwardLAIPredictor_rnn_attention_True_LAI_2009_2014_W011_20250506_011639.pt,W011,2009,2014,2010-2011-2012-2013-2014,2009,rnn,rnn,True,0.0,1e-05,64,20,16,11,True,5,0.0,16384,4,1,1,4343735,12,27,cuda,421.22,3.12.4,2.3.1.post300,NVIDIA H100,63.43,mean,False,False,"[0,7]",True,32,160,503.48,0.10567,0.32507,0.17537,0.98055,0.10566,0.32506,0.1752,0.98055,0.09775,0.31264,0.17609,0.98197,0.08912,"0.49185,0.09670,0.09165,0.08910,0.08752,0.08628,0.08520,0.08412,0.08314,0.08229,0.08153,0.08093,0.08040,0.07987,0.07955,0.07916","0.09943,0.09433,0.09478,0.09339,0.09409,0.09290,0.09706,0.09690,0.09360,0.09385,0.09261,0.09562,0.09682,0.09378,0.09469,0.09595",/gpfs/scratch/bsc32/ai4land/saved_data/training_curve_W011_20250506_011639.png
20250506_011640,BackwardLAIPredictor,/gpfs/scratch/bsc32/ai4land/saved_data/BackwardLAIPredictor_rnn_attention_True_LAI_2009_2014_W011_20250506_011640.pt,W011,2009,2014,2010-2011-2012-2013-2014,2009,rnn,rnn,True,0.25,0.0001,128,20,8,3,True,5,0.0,16384,4,1,1,4343735,12,27,cuda,407.07,3.12.4,2.3.1.post300,NVIDIA H100,63.43,mean,False,False,"[0,7]",True,32,160,503.48,0.10173,0.31895,0.17202,0.98126,0.10172,0.31894,0.17194,0.98126,0.10023,0.31658,0.17846,0.98152,0.03886,"0.38078,0.16208,0.15091,0.14207,0.13388,0.12635,0.11995,0.11461","0.10076,0.09467,0.09285,0.09325,0.09514,0.09517,0.09406,0.09303",/gpfs/scratch/bsc32/ai4land/saved_data/training_curve_W011_20250506_011640.png
20250506_011640,BackwardLAIPredictor,/gpfs/scratch/bsc32/ai4land/saved_data/BackwardLAIPredictor_rnn_attention_True_LAI_2009_2014_W011_20250506_011640.pt,W011,2009,2014,2010-2011-2012-2013-2014,2009,rnn,rnn,True,0.25,0.0001,16,20,20,18,True,5,0.0,16384,4,1,1,4343735,12,27,cuda,445.57,3.12.4,2.3.1.post300,NVIDIA H100,63.43,mean,False,False,"[0,7]",True,32,160,503.48,0.10742,0.32775,0.19015,0.98021,0.10742,0.32775,0.19014,0.98021,0.10111,0.31799,0.18645,0.9813,0.0807,"2.95709,0.63523,0.55846,0.48690,0.41820,0.35064,0.29247,0.25181,0.22904,0.21861,0.21401,0.21190,0.21133,0.21005,0.20979,0.20923,0.20874,0.20843,0.20886,0.20807","0.15629,0.12254,0.11723,0.11079,0.10735,0.10705,0.10364,0.10347,0.10289,0.10106,0.10005,0.10148,0.10073,0.10124,0.09954,0.09973,0.09769,0.09755,0.10082,0.09980",/gpfs/scratch/bsc32/ai4land/saved_data/training_curve_W011_20250506_011640.png
20250506_011639,BackwardLAIPredictor,/gpfs/scratch/bsc32/ai4land/saved_data/BackwardLAIPredictor_rnn_attention_True_LAI_2009_2014_W011_20250506_011639.pt,W011,2009,2014,2010-2011-2012-2013-2014,2009,rnn,rnn,True,0.5,0.0,32,20,20,16,True,5,0.0,16384,4,1,1,4343735,12,27,cuda,447.13,3.12.4,2.3.1.post300,NVIDIA H100,63.43,mean,False,False,"[0,7]",True,32,160,503.48,0.1037,0.32203,0.20073,0.98098,0.1037,0.32203,0.20073,0.98098,0.10039,0.31684,0.19491,0.98152,0.05877,"1.81320,0.72197,0.61986,0.51497,0.41783,0.34265,0.29526,0.27377,0.26560,0.26271,0.26114,0.26014,0.25952,0.25897,0.25822,0.25810,0.25772,0.25707,0.25695,0.25659","0.14060,0.13862,0.11315,0.11158,0.10836,0.10796,0.11084,0.10519,0.10351,0.10177,0.10793,0.10185,0.10121,0.09963,0.10201,0.09825,0.10642,0.10357,0.10374,0.10658",/gpfs/scratch/bsc32/ai4land/saved_data/training_curve_W011_20250506_011639.png
20250506_011640,BackwardLAIPredictor,/gpfs/scratch/bsc32/ai4land/saved_data/BackwardLAIPredictor_rnn_attention_True_LAI_2009_2014_W011_20250506_011640.pt,W011,2009,2014,2010-2011-2012-2013-2014,2009,rnn,rnn,True,0.0,0.0001,32,20,20,19,True,5,0.0,16384,4,1,1,4343735,12,27,cuda,447.6,3.12.4,2.3.1.post300,NVIDIA H100,63.43,mean,False,False,"[0,7]",True,32,160,503.48,0.0977,0.31257,0.16819,0.98207,0.0977,0.31256,0.16814,0.98207,0.09592,0.3097,0.17408,0.98236,0.04146,"0.95298,0.10804,0.09999,0.09596,0.09350,0.09180,0.09047,0.08961,0.08885,0.08823,0.08761,0.08718,0.08673,0.08640,0.08603,0.08577,0.08548,0.08524,0.08500,0.08485","0.11898,0.10449,0.09947,0.09785,0.09573,0.09446,0.09349,0.09291,0.09310,0.09659,0.09341,0.09218,0.09204,0.09259,0.09170,0.09202,0.09286,0.09188,0.09110,0.09226",/gpfs/scratch/bsc32/ai4land/saved_data/training_curve_W011_20250506_011640.png
20250506_011640,BackwardLAIPredictor,/gpfs/scratch/bsc32/ai4land/saved_data/BackwardLAIPredictor_rnn_attention_True_LAI_2009_2014_W011_20250506_011640.pt,W011,2009,2014,2010-2011-2012-2013-2014,2009,rnn,rnn,True,0.25,0.0,16,20,20,15,True,5,0.0,16384,4,1,1,4343735,12,27,cuda,445.68,3.12.4,2.3.1.post300,NVIDIA H100,63.43,mean,False,False,"[0,7]",True,32,160,503.48,0.10948,0.33088,0.19203,0.97984,0.10948,0.33088,0.19203,0.97984,0.1018,0.31906,0.18756,0.98117,0.08864,"3.24305,0.64074,0.56903,0.49118,0.42359,0.35849,0.30120,0.25935,0.23539,0.22466,0.22028,0.21832,0.21734,0.21677,0.21600,0.21566,0.21519,0.21474,0.21426,0.21410","0.17111,0.13340,0.12004,0.14103,0.10871,0.10386,0.10237,0.10886,0.10552,0.10093,0.10113,0.09903,0.09733,0.10124,0.09730,0.10048,0.10338,0.09874,0.09861,0.10071",/gpfs/scratch/bsc32/ai4land/saved_data/training_curve_W011_20250506_011640.png
20250506_011640,BackwardLAIPredictor,/gpfs/scratch/bsc32/ai4land/saved_data/BackwardLAIPredictor_rnn_attention_True_LAI_2009_2014_W011_20250506_011640.pt,W011,2009,2014,2010-2011-2012-2013-2014,2009,rnn,rnn,True,0.5,0.0001,16,20,20,19,True,5,0.0,16384,4,1,1,4343735,12,27,cuda,450.73,3.12.4,2.3.1.post300,NVIDIA H100,63.43,mean,False,False,"[0,7]",True,32,160,503.48,0.11556,0.33994,0.22785,0.97871,0.11556,0.33994,0.22785,0.97871,0.11224,0.33502,0.21681,0.97928,0.05583,"3.65755,1.29778,1.07955,0.86826,0.68345,0.54928,0.47211,0.43883,0.42918,0.42562,0.42336,0.42398,0.42250,0.42133,0.42145,0.42053,0.42041,0.41999,0.41963,0.41941","0.22811,0.18604,0.16156,0.14627,0.13189,0.13340,0.13225,0.12374,0.12773,0.12417,0.12741,0.12338,0.12346,0.12173,0.13222,0.13095,0.12562,0.12016,0.11856,0.11905",/gpfs/scratch/bsc32/ai4land/saved_data/training_curve_W011_20250506_011640.png
20250506_011639,BackwardLAIPredictor,/gpfs/scratch/bsc32/ai4land/saved_data/BackwardLAIPredictor_rnn_attention_True_LAI_2009_2014_W011_20250506_011639.pt,W011,2009,2014,2010-2011-2012-2013-2014,2009,rnn,rnn,True,0.25,1e-05,32,20,20,18,True,5,0.0,16384,4,1,1,4343735,12,27,cuda,454.68,3.12.4,2.3.1.post300,NVIDIA H100,63.43,mean,False,False,"[0,7]",True,32,160,503.48,0.09819,0.31335,0.1729,0.98191,0.09819,0.31335,0.1729,0.98191,0.09616,0.31009,0.17713,0.98226,0.04627,"1.46159,0.35496,0.32090,0.29515,0.26653,0.23188,0.20230,0.18014,0.16609,0.15821,0.17010,0.15738,0.15361,0.15023,0.14819,0.14698,0.14633,0.14579,0.14533,0.14501","0.11839,0.10894,0.10222,0.10164,0.10279,0.09583,0.09627,0.09504,0.09488,0.09596,0.09804,0.09516,0.09401,0.09309,0.09345,0.09353,0.09365,0.09094,0.09449,0.09188",/gpfs/scratch/bsc32/ai4land/saved_data/training_curve_W011_20250506_011639.png
20250506_011639,BackwardLAIPredictor,/gpfs/scratch/bsc32/ai4land/saved_data/BackwardLAIPredictor_rnn_attention_True_LAI_2009_2014_W011_20250506_011639.pt,W011,2009,2014,2010-2011-2012-2013-2014,2009,rnn,rnn,True,0.5,0.0,16,20,20,17,True,5,0.0,16384,4,1,1,4343735,12,27,cuda,454.97,3.12.4,2.3.1.post300,NVIDIA H100,63.43,mean,False,False,"[0,7]",True,32,160,503.48,0.12367,0.35166,0.23938,0.97723,0.12367,0.35166,0.23938,0.97723,0.11796,0.34345,0.22177,0.97822,0.07492,"3.70718,1.29595,1.08101,0.86955,0.68423,0.55029,0.47287,0.44151,0.43126,0.42785,0.42570,0.42531,0.42300,0.42298,0.42284,0.42259,0.42187,0.42194,0.42171,0.42129","0.22785,0.18749,0.16514,0.14583,0.13849,0.13866,0.13418,0.12825,0.13147,0.12457,0.13031,0.12163,0.12177,0.12305,0.11945,0.11965,0.11888,0.12581,0.13079,0.12506",/gpfs/scratch/bsc32/ai4land/saved_data/training_curve_W011_20250506_011639.png
20250506_011640,BackwardLAIPredictor,/gpfs/scratch/bsc32/ai4land/saved_data/BackwardLAIPredictor_rnn_attention_True_LAI_2009_2014_W011_20250506_011640.pt,W011,2009,2014,2010-2011-2012-2013-2014,2009,rnn,rnn,True,0.5,1e-05,32,20,20,19,True,5,0.0,16384,4,1,1,4343735,12,27,cuda,452.52,3.12.4,2.3.1.post300,NVIDIA H100,63.43,mean,False,False,"[0,7]",True,32,160,503.48,0.11088,0.33298,0.20956,0.97976,0.11088,0.33298,0.20956,0.97976,0.10259,0.3203,0.19581,0.98113,0.09089,"1.85859,0.70464,0.60724,0.50554,0.41069,0.33823,0.29464,0.27483,0.26653,0.26298,0.26110,0.26035,0.25956,0.25903,0.25894,0.25822,0.25812,0.25792,0.25755,0.25722","0.14001,0.12762,0.11849,0.10956,0.11347,0.10361,0.11088,0.10303,0.09985,0.10077,0.10158,0.10165,0.10358,0.09976,0.10012,0.10021,0.10031,0.10326,0.09945,0.10619",/gpfs/scratch/bsc32/ai4land/saved_data/training_curve_W011_20250506_011640.png
20250506_011640,BackwardLAIPredictor,/gpfs/scratch/bsc32/ai4land/saved_data/BackwardLAIPredictor_rnn_attention_True_LAI_2009_2014_W011_20250506_011640.pt,W011,2009,2014,2010-2011-2012-2013-2014,2009,rnn,rnn,True,0.25,0.0001,32,20,20,15,True,5,0.0,16384,4,1,1,4343735,12,27,cuda,456.0,3.12.4,2.3.1.post300,NVIDIA H100,63.43,mean,False,False,"[0,7]",True,32,160,503.48,0.11159,0.33404,0.18251,0.97939,0.11159,0.33404,0.18251,0.97939,0.10511,0.3242,0.18625,0.98056,0.08269,"1.22690,0.36168,0.32527,0.29179,0.25866,0.22575,0.19759,0.17741,0.16514,0.15836,0.15455,0.15207,0.15066,0.14959,0.14877,0.14834,0.14781,0.14741,0.14718,0.14675","0.11764,0.10898,0.10344,0.10266,0.09813,0.10052,0.10153,0.09603,0.09569,0.09690,0.09449,0.09570,0.09737,0.09439,0.09282,0.09393,0.09292,0.09548,0.09386,0.09397",/gpfs/scratch/bsc32/ai4land/saved_data/training_curve_W011_20250506_011640.png
20250506_011640,BackwardLAIPredictor,/gpfs/scratch/bsc32/ai4land/saved_data/BackwardLAIPredictor_rnn_attention_True_LAI_2009_2014_W011_20250506_011640.pt,W011,2009,2014,2010-2011-2012-2013-2014,2009,rnn,rnn,True,0.5,1e-05,128,20,9,4,True,5,0.0,16384,4,1,1,4343735,12,27,cuda,457.74,3.12.4,2.3.1.post300,NVIDIA H100,63.43,mean,False,False,"[0,7]",True,32,160,503.48,0.09705,0.31152,0.16989,0.98217,0.09705,0.31152,0.16989,0.98217,0.09606,0.30994,0.17381,0.98232,0.03143,"0.55518,0.27825,0.24556,0.21571,0.18863,0.16591,0.14934,0.13899,0.13346","0.10565,0.09712,0.09876,0.09169,0.09585,0.09710,0.09507,0.09374,0.09575",/gpfs/scratch/bsc32/ai4land/saved_data/training_curve_W011_20250506_011640.png
20250506_011639,BackwardLAIPredictor,/gpfs/scratch/bsc32/ai4land/saved_data/BackwardLAIPredictor_rnn_attention_True_LAI_2009_2014_W011_20250506_011639.pt,W011,2009,2014,2010-2011-2012-2013-2014,2009,rnn,rnn,True,0.25,0.0,128,20,10,5,True,5,0.0,16384,4,1,1,4343735,12,27,cuda,507.36,3.12.4,2.3.1.post300,NVIDIA H100,63.43,mean,False,False,"[0,7]",True,32,160,503.48,0.09421,0.30693,0.1728,0.98261,0.09421,0.30693,0.17279,0.98261,0.09321,0.3053,0.17459,0.98279,0.03248,"0.56721,0.17250,0.15951,0.15165,0.14348,0.13489,0.16192,0.14069,0.12798,0.11921","0.10432,0.09767,0.10407,0.11806,0.09272,0.09324,0.10008,0.09501,0.09361,0.09953",/gpfs/scratch/bsc32/ai4land/saved_data/training_curve_W011_20250506_011639.png
20250506_011639,BackwardLAIPredictor,/gpfs/scratch/bsc32/ai4land/saved_data/BackwardLAIPredictor_rnn_attention_True_LAI_2009_2014_W011_20250506_011639.pt,W011,2009,2014,2010-2011-2012-2013-2014,2009,rnn,rnn,True,0.0,0.0001,64,20,20,18,True,5,0.0,16384,4,1,1,4343735,12,27,cuda,526.8,3.12.4,2.3.1.post300,NVIDIA H100,63.43,mean,False,False,"[0,7]",True,32,160,503.48,0.09869,0.31415,0.17132,0.98194,0.09868,0.31414,0.17123,0.98194,0.0951,0.30838,0.1725,0.98254,0.06036,"0.73772,0.09718,0.09242,0.08960,0.08767,0.08641,0.08539,0.08463,0.08403,0.08351,0.08309,0.08277,0.08230,0.08215,0.08180,0.08175,0.08133,0.08112,0.08094,0.08084","0.10629,0.09973,0.09719,0.09842,0.09545,0.09489,0.09335,0.09353,0.09299,0.09309,0.09258,0.09277,0.09473,0.09173,0.09325,0.09379,0.09368,0.09033,0.09244,0.09294",/gpfs/scratch/bsc32/ai4land/saved_data/training_curve_W011_20250506_011639.png
20250506_011640,BackwardLAIPredictor,/gpfs/scratch/bsc32/ai4land/saved_data/BackwardLAIPredictor_rnn_attention_True_LAI_2009_2014_W011_20250506_011640.pt,W011,2009,2014,2010-2011-2012-2013-2014,2009,rnn,rnn,True,0.5,1e-05,64,20,20,17,True,5,0.0,16384,4,1,1,4343735,12,27,cuda,532.68,3.12.4,2.3.1.post300,NVIDIA H100,63.43,mean,False,False,"[0,7]",True,32,160,503.48,0.09797,0.313,0.17557,0.98205,0.09797,0.313,0.17557,0.98205,0.09663,0.31085,0.1779,0.98226,0.03774,"0.86982,0.43613,0.37581,0.31482,0.26036,0.22014,0.19546,0.18298,0.17703,0.17410,0.17236,0.17152,0.17695,0.17921,0.17152,0.16965,0.16918,0.18851,0.17954,0.17311","0.11008,0.10634,0.09789,0.09835,0.09515,0.09676,0.09439,0.09371,0.09560,0.09503,0.09579,0.09282,0.10880,0.09402,0.09184,0.09385,0.09183,0.09835,0.10425,0.09593",/gpfs/scratch/bsc32/ai4land/saved_data/training_curve_W011_20250506_011640.png
20250506_011639,BackwardLAIPredictor,/gpfs/scratch/bsc32/ai4land/saved_data/BackwardLAIPredictor_rnn_attention_True_LAI_2009_2014_W011_20250506_011639.pt,W011,2009,2014,2010-2011-2012-2013-2014,2009,rnn,rnn,True,0.0,0.0,128,20,12,7,True,5,0.0,16384,4,1,1,4343735,12,27,cuda,606.41,3.12.4,2.3.1.post300,NVIDIA H100,63.43,mean,False,False,"[0,7]",True,32,160,503.48,0.09862,0.31404,0.16692,0.98191,0.09862,0.31403,0.16688,0.98191,0.09656,0.31074,0.17188,0.98224,0.04485,"0.40768,0.09603,0.09039,0.08671,0.08434,0.08256,0.08103,0.07990,0.07856,0.07768,0.07681,0.07609","0.10351,0.09861,0.09240,0.09323,0.09083,0.09258,0.09075,0.09217,0.09138,0.09119,0.09137,0.09097",/gpfs/scratch/bsc32/ai4land/saved_data/training_curve_W011_20250506_011639.png
20250506_011639,BackwardLAIPredictor,/gpfs/scratch/bsc32/ai4land/saved_data/BackwardLAIPredictor_rnn_attention_True_LAI_2009_2014_W011_20250506_011639.pt,W011,2009,2014,2010-2011-2012-2013-2014,2009,rnn,rnn,True,0.0,0.0001,128,20,13,8,True,5,0.0,16384,4,1,1,4343735,12,27,cuda,654.56,3.12.4,2.3.1.post300,NVIDIA H100,63.43,mean,False,False,"[0,7]",True,32,160,503.48,0.09591,0.30969,0.17129,0.98242,0.09591,0.30969,0.17127,0.98242,0.0959,0.30967,0.17203,0.98241,0.00328,"0.40064,0.09537,0.09059,0.08815,0.08628,0.08465,0.08354,0.08263,0.08190,0.08115,0.08060,0.07997,0.07948","0.10557,0.09931,0.09483,0.09243,0.09506,0.09505,0.09409,0.09082,0.09310,0.09301,0.09115,0.09522,0.09532",/gpfs/scratch/bsc32/ai4land/saved_data/training_curve_W011_20250506_011639.png
20250506_011640,BackwardLAIPredictor,/gpfs/scratch/bsc32/ai4land/saved_data/BackwardLAIPredictor_rnn_attention_True_LAI_2009_2014_W011_20250506_011640.pt,W011,2009,2014,2010-2011-2012-2013-2014,2009,rnn,rnn,True,0.0,1e-05,128,20,14,9,True,5,0.0,16384,4,1,1,4343735,12,27,cuda,706.33,3.12.4,2.3.1.post300,NVIDIA H100,63.43,mean,False,False,"[0,7]",True,32,160,503.48,0.09857,0.31396,0.17143,0.98186,0.09857,0.31396,0.1714,0.98186,0.09339,0.30559,0.17032,0.98274,0.07283,"0.36121,0.09237,0.08788,0.08533,0.08349,0.08212,0.08086,0.07967,0.07863,0.07780,0.07719,0.07658,0.07601,0.07549","0.10091,0.09385,0.09465,0.09264,0.09268,0.09333,0.09659,0.09305,0.09016,0.09125,0.09384,0.09148,0.09507,0.09269",/gpfs/scratch/bsc32/ai4land/saved_data/training_curve_W011_20250506_011640.png
20250506_011640,BackwardLAIPredictor,/gpfs/scratch/bsc32/ai4land/saved_data/BackwardLAIPredictor_rnn_attention_True_LAI_2009_2014_W011_20250506_011640.pt,W011,2009,2014,2010-2011-2012-2013-2014,2009,rnn,rnn,True,0.25,1e-05,128,20,14,9,True,5,0.0,16384,4,1,1,4343735,12,27,cuda,711.37,3.12.4,2.3.1.post300,NVIDIA H100,63.43,mean,False,False,"[0,7]",True,32,160,503.48,0.10538,0.32462,0.17552,0.9806,0.10538,0.32462,0.17551,0.9806,0.10052,0.31705,0.18006,0.98145,0.07077,"0.47464,0.16556,0.15374,0.14567,0.13840,0.13063,0.12316,0.11651,0.11110,0.10660,0.10304,0.10032,0.09825,0.09675","0.10008,0.09630,0.09539,0.09628,0.09628,0.09406,0.09522,0.09199,0.09095,0.09138,0.09208,0.09515,0.09330,0.09267",/gpfs/scratch/bsc32/ai4land/saved_data/training_curve_W011_20250506_011640.png
20250506_011640,BackwardLAIPredictor,/gpfs/scratch/bsc32/ai4land/saved_data/BackwardLAIPredictor_rnn_attention_True_LAI_2009_2014_W011_20250506_011640.pt,W011,2009,2014,2010-2011-2012-2013-2014,2009,rnn,rnn,True,0.5,0.0001,128,20,20,19,True,5,0.0,16384,4,1,1,4343735,12,27,cuda,1015.08,3.12.4,2.3.1.post300,NVIDIA H100,63.43,mean,False,False,"[0,7]",True,32,160,503.48,0.10018,0.31651,0.17952,0.98163,0.10018,0.31651,0.17952,0.98163,0.09787,0.31284,0.18001,0.982,0.04895,"0.68332,0.28036,0.25499,0.22998,0.20405,0.18049,0.16099,0.14722,0.13873,0.13369,0.13443,0.13068,0.12751,0.16098,0.13884,0.13325,0.13946,0.13974,0.13207,0.12990","0.10908,0.10100,0.09988,0.10387,0.09833,0.09575,0.09485,0.09581,0.10022,0.09477,0.10085,0.09600,0.09447,0.09710,0.09681,0.09166,0.10335,0.09621,0.09099,0.09818",/gpfs/scratch/bsc32/ai4land/saved_data/training_curve_W011_20250506_011640.png
